Date,Season,Weather,Temperature,Long_Weekend,Promotion,Holiday,Tomato_Boxes,Green_Pepper_Boxes,Lettuce_Boxes,Cucumber_Boxes
2020-01-01,Winter,Sunny,Cold,False,False,True,8,7,10,6
2020-01-02,Winter,Cloudy,Cold,False,False,False,1,2,2,1
2020-01-03,Winter,Rainy,Cold,False,False,False,2,1,3,3
2020-01-04,Winter,Snowy,Cold,False,False,False,4,1,2,1
2020-01-05,Winter,Cloudy,Cold,False,False,False,3,2,1,2
2020-01-06,Winter,Rainy,Cold,False,False,False,2,1,1,1
2020-01-07,Winter,Cloudy,Cold,False,False,False,1,1,1,1
2020-01-08,Winter,Rainy,Cold,False,False,False,1,2,2,2
2020-01-09,Winter,Cloudy,Cold,False,False,False,1,2,1,1
2020-01-10,Winter,Rainy,Normal,False,True,False,6,3,5,3
2020-01-11,Winter,Rainy,Cold,False,False,False,3,1,1,2
2020-01-12,Winter,Cloudy,Cold,False,False,False,4,2,2,3
2020-01-13,Winter,Sunny,Cold,True,False,False,5,3,2,1
2020-01-14,Winter,Cloudy,Normal,False,True,False,7,4,4,5
2020-01-15,Winter,Snowy,Cold,False,False,False,3,1,2,1
2020-01-16,Winter,Snowy,Very cold,False,True,False,7,2,6,3
2020-01-17,Winter,Snowy,Cold,False,False,False,4,1,3,3
2020-01-18,Winter,Snowy,Cold,False,False,False,3,2,1,1
2020-01-19,Winter,Cloudy,Cold,False,False,False,3,1,2,1
2020-01-20,Winter,Sunny,Normal,False,False,False,3,3,4,2
2020-01-21,Winter,Snowy,Cold,False,False,False,3,1,3,1
2020-01-22,Winter,Rainy,Cold,False,False,False,3,2,3,1
2020-01-23,Winter,Rainy,Cold,False,False,False,1,1,1,1
2020-01-24,Winter,Sunny,Cold,False,False,False,1,1,2,1
2020-01-25,Winter,Sunny,Very cold,False,False,False,1,2,2,1
2020-01-26,Winter,Snowy,Cold,False,False,False,1,1,1,3
2020-01-27,Winter,Cloudy,Cold,False,False,False,4,1,3,2
2020-01-28,Winter,Rainy,Cold,False,True,False,4,3,3,3
2020-01-29,Winter,Rainy,Cold,False,False,False,1,2,2,1
2020-01-30,Winter,Rainy,Cold,False,False,False,3,2,2,2
2020-01-31,Winter,Rainy,Cold,False,False,False,1,1,1,1
2020-02-01,Winter,Snowy,Cold,False,False,False,3,2,1,1
2020-02-02,Winter,Snowy,Cold,False,False,False,3,1,1,1
2020-02-03,Winter,Cloudy,Cold,False,False,False,2,2,1,1
2020-02-04,Winter,Snowy,Cold,False,False,False,3,1,3,3
2020-02-05,Winter,Sunny,Cold,False,False,False,1,2,1,3
2020-02-06,Winter,Snowy,Cold,False,False,False,1,1,2,3
2020-02-07,Winter,Rainy,Cold,False,False,False,3,1,2,3
2020-02-08,Winter,Rainy,Cold,False,False,False,1,1,2,1
2020-02-09,Winter,Snowy,Cold,False,False,False,3,1,1,1
2020-02-10,Winter,Snowy,Cold,False,False,False,3,1,1,3
2020-02-11,Winter,Snowy,Very cold,False,True,False,3,2,4,4
2020-02-12,Winter,Rainy,Normal,False,False,False,3,1,2,1
2020-02-13,Winter,Sunny,Cold,False,False,False,3,2,3,1
2020-02-14,Winter,Rainy,Cold,False,False,False,4,1,2,1
2020-02-15,Winter,Cloudy,Cold,False,False,False,4,1,2,1
2020-02-16,Winter,Cloudy,Normal,False,False,False,4,1,2,1
2020-02-17,Winter,Rainy,Cold,False,False,False,3,2,1,3
2020-02-18,Winter,Cloudy,Cold,False,False,False,3,1,3,2
2020-02-19,Winter,Snowy,Very cold,False,False,False,2,1,1,1
2020-02-20,Winter,Cloudy,Cold,False,False,False,2,1,2,2
2020-02-21,Winter,Rainy,Cold,True,True,False,6,4,8,4
2020-02-22,Winter,Sunny,Cold,False,False,False,1,2,2,3
2020-02-23,Winter,Sunny,Cold,False,False,False,3,1,2,1
2020-02-24,Winter,Rainy,Cold,False,False,False,1,1,1,3
2020-02-25,Winter,Cloudy,Cold,False,False,False,4,2,1,2
2020-02-26,Winter,Sunny,Cold,False,True,False,3,1,6,5
2020-02-27,Winter,Rainy,Cold,False,True,False,2,2,4,4
2020-02-28,Winter,Rainy,Cold,False,False,False,2,1,2,3
2020-02-29,Winter,Rainy,Cold,False,False,False,3,1,1,1
2020-03-01,Winter,Rainy,Cold,False,False,False,1,2,1,3
2020-03-02,Winter,Cloudy,Cold,False,True,False,4,3,3,4
2020-03-03,Winter,Rainy,Cold,False,False,False,1,2,1,3
2020-03-04,Winter,Sunny,Cold,False,False,False,3,1,2,3
2020-03-05,Winter,Cloudy,Cold,False,False,False,1,1,2,3
2020-03-06,Winter,Cloudy,Cold,False,False,False,1,1,1,1
2020-03-07,Winter,Sunny,Cold,False,False,False,1,1,1,1
2020-03-08,Winter,Rainy,Cold,False,False,False,1,2,1,1
2020-03-09,Winter,Rainy,Cold,False,True,False,4,3,5,5
2020-03-10,Winter,Snowy,Very cold,False,False,False,1,1,1,1
2020-03-11,Winter,Sunny,Very cold,False,False,False,1,1,1,3
2020-03-12,Winter,Snowy,Cold,False,False,False,3,1,2,2
2020-03-13,Winter,Sunny,Cold,False,True,False,6,2,5,2
2020-03-14,Winter,Cloudy,Cold,False,False,False,1,1,2,3
2020-03-15,Winter,Rainy,Cold,False,True,False,7,3,6,6
2020-03-16,Winter,Cloudy,Cold,False,True,False,3,2,3,3
2020-03-17,Winter,Cloudy,Cold,False,False,False,4,2,2,1
2020-03-18,Winter,Rainy,Cold,False,False,False,1,1,1,2
2020-03-19,Winter,Sunny,Cold,False,False,False,1,1,1,3
2020-03-20,Spring,Rainy,Normal,False,False,False,2,1,1,2
2020-03-21,Spring,Sunny,Warm,False,True,False,6,3,6,3
2020-03-22,Spring,Sunny,Normal,False,False,False,3,1,3,2
2020-03-23,Spring,Rainy,Normal,False,False,False,1,1,1,2
2020-03-24,Spring,Cloudy,Cold,False,True,False,5,3,4,5
2020-03-25,Spring,Sunny,Normal,False,False,False,4,1,3,3
2020-03-26,Spring,Sunny,Normal,False,False,False,5,3,4,2
2020-03-27,Spring,Rainy,Normal,False,False,False,2,1,1,1
2020-03-28,Spring,Sunny,Normal,False,True,False,7,4,7,6
2020-03-29,Spring,Cloudy,Normal,False,False,False,2,1,3,3
2020-03-30,Spring,Rainy,Cold,False,False,False,4,1,1,1
2020-03-31,Spring,Rainy,Cold,False,False,False,1,2,1,2
2020-04-01,Spring,Sunny,Normal,False,True,False,5,3,5,6
2020-04-02,Spring,Sunny,Normal,False,False,False,2,3,3,3
2020-04-03,Spring,Cloudy,Normal,False,False,False,2,3,3,4
2020-04-04,Spring,Cloudy,Normal,False,True,False,8,4,6,4
2020-04-05,Spring,Sunny,Normal,False,False,False,5,3,4,2
2020-04-06,Spring,Rainy,Warm,False,False,False,3,1,1,3
2020-04-07,Spring,Sunny,Cold,False,True,False,4,2,4,5
2020-04-08,Spring,Sunny,Warm,False,False,False,4,1,3,2
2020-04-09,Spring,Sunny,Normal,False,False,False,4,3,2,1
2020-04-10,Spring,Sunny,Cold,False,False,False,1,2,2,1
2020-04-11,Spring,Sunny,Normal,False,False,False,2,2,3,2
2020-04-12,Spring,Sunny,Normal,False,False,False,3,2,3,3
2020-04-13,Spring,Sunny,Normal,False,False,False,5,1,4,1
2020-04-14,Spring,Sunny,Normal,False,False,False,4,3,4,3
2020-04-15,Spring,Sunny,Cold,False,True,False,6,3,5,4
2020-04-16,Spring,Sunny,Normal,False,False,False,5,3,4,1
2020-04-17,Spring,Rainy,Normal,False,False,False,2,1,2,1
2020-04-18,Spring,Cloudy,Normal,False,False,False,2,1,4,1
2020-04-19,Spring,Sunny,Normal,False,True,False,5,5,7,6
2020-04-20,Spring,Cloudy,Normal,False,False,False,4,2,3,4
2020-04-21,Spring,Cloudy,Normal,False,False,False,4,1,3,4
2020-04-22,Spring,Sunny,Normal,False,False,False,2,1,2,3
2020-04-23,Spring,Sunny,Normal,False,False,False,5,3,4,3
2020-04-24,Spring,Cloudy,Normal,False,False,False,4,1,4,3
2020-04-25,Spring,Cloudy,Normal,False,False,False,2,2,3,4
2020-04-26,Spring,Cloudy,Normal,False,False,False,2,1,3,1
2020-04-27,Spring,Cloudy,Normal,False,False,False,5,3,4,1
2020-04-28,Spring,Rainy,Cold,False,False,False,4,1,1,2
2020-04-29,Spring,Sunny,Normal,False,False,False,3,1,2,3
2020-04-30,Spring,Sunny,Normal,False,False,False,2,2,2,4
2020-05-01,Spring,Cloudy,Normal,False,False,False,3,2,3,1
2020-05-02,Spring,Sunny,Normal,False,False,False,2,1,3,2
2020-05-03,Spring,Sunny,Normal,False,False,False,5,3,2,4
2020-05-04,Spring,Rainy,Normal,False,False,False,4,2,2,3
2020-05-05,Spring,Rainy,Normal,False,False,False,1,1,1,2
2020-05-06,Spring,Cloudy,Normal,False,False,False,5,2,4,2
2020-05-07,Spring,Sunny,Warm,False,False,False,3,1,3,1
2020-05-08,Spring,Rainy,Warm,False,False,False,2,1,1,1
2020-05-09,Spring,Rainy,Cold,False,False,False,1,1,2,1
2020-05-10,Spring,Sunny,Cold,False,False,False,1,2,2,2
2020-05-11,Spring,Sunny,Normal,False,False,False,4,1,3,4
2020-05-12,Spring,Sunny,Normal,False,False,False,5,2,2,1
2020-05-13,Spring,Rainy,Normal,False,False,False,3,1,1,2
2020-05-14,Spring,Cloudy,Normal,False,False,False,3,2,4,4
2020-05-15,Spring,Sunny,Cold,False,False,False,2,1,2,1
2020-05-16,Spring,Sunny,Warm,False,False,False,3,1,2,4
2020-05-17,Spring,Sunny,Warm,False,False,False,4,1,2,4
2020-05-18,Spring,Sunny,Warm,False,False,False,3,1,4,2
2020-05-19,Spring,Rainy,Cold,False,True,False,4,3,4,2
2020-05-20,Spring,Rainy,Normal,False,False,False,1,1,2,2
2020-05-21,Spring,Cloudy,Warm,False,False,False,4,1,3,4
2020-05-22,Spring,Cloudy,Normal,False,False,False,5,1,2,1
2020-05-23,Spring,Sunny,Normal,False,False,False,3,3,3,4
2020-05-24,Spring,Cloudy,Normal,False,False,False,2,2,2,1
2020-05-25,Spring,Sunny,Normal,False,False,False,3,3,3,2
2020-05-26,Spring,Sunny,Cold,False,True,False,2,2,5,6
2020-05-27,Spring,Sunny,Normal,False,False,False,3,3,2,3
2020-05-28,Spring,Sunny,Cold,False,False,False,2,1,1,1
2020-05-29,Spring,Cloudy,Normal,False,False,False,3,1,4,3
2020-05-30,Spring,Sunny,Cold,False,False,False,2,1,2,1
2020-05-31,Spring,Sunny,Cold,False,False,False,3,2,3,1
2020-06-01,Spring,Sunny,Normal,False,True,False,7,3,6,4
2020-06-02,Spring,Cloudy,Cold,False,False,False,2,1,1,1
2020-06-03,Spring,Cloudy,Normal,False,False,False,5,2,4,2
2020-06-04,Spring,Rainy,Cold,False,False,False,3,2,2,2
2020-06-05,Spring,Cloudy,Normal,False,False,False,3,2,2,4
2020-06-06,Spring,Rainy,Normal,False,False,False,2,2,1,1
2020-06-07,Spring,Sunny,Cold,False,True,False,4,4,2,3
2020-06-08,Spring,Rainy,Normal,False,False,False,1,2,1,1
2020-06-09,Spring,Sunny,Warm,False,False,False,3,3,2,3
2020-06-10,Spring,Sunny,Cold,False,False,False,1,2,3,2
2020-06-11,Spring,Rainy,Normal,False,False,False,1,2,1,1
2020-06-12,Spring,Rainy,Cold,False,False,False,1,1,2,3
2020-06-13,Spring,Rainy,Warm,False,False,False,3,2,2,1
2020-06-14,Spring,Sunny,Warm,False,False,False,4,3,4,2
2020-06-15,Spring,Sunny,Warm,False,False,False,4,3,3,4
2020-06-16,Spring,Cloudy,Normal,False,True,False,7,4,8,3
2020-06-17,Spring,Rainy,Normal,False,False,False,1,1,3,3
2020-06-18,Spring,Cloudy,Normal,False,False,False,2,1,2,4
2020-06-19,Spring,Cloudy,Normal,False,True,False,7,4,8,6
2020-06-20,Summer,Sunny,Warm,False,True,False,7,4,8,6
2020-06-21,Summer,Sunny,Warm,False,False,False,7,4,6,4
2020-06-22,Summer,Sunny,Hot,False,False,False,5,3,7,6
2020-06-23,Summer,Sunny,Normal,False,True,False,5,4,4,3
2020-06-24,Summer,Sunny,Warm,False,True,False,9,7,7,6
2020-06-25,Summer,Sunny,Warm,False,False,False,7,4,4,7
2020-06-26,Summer,Sunny,Warm,False,False,False,4,5,5,5
2020-06-27,Summer,Cloudy,Warm,False,False,False,3,2,4,2
2020-06-28,Summer,Rainy,Warm,False,False,False,1,1,2,1
2020-06-29,Summer,Sunny,Hot,False,False,False,5,3,9,5
2020-06-30,Summer,Sunny,Warm,False,False,False,8,4,9,5
2020-07-01,Summer,Cloudy,Warm,False,False,True,7,4,8,6
2020-07-02,Summer,Cloudy,Warm,False,False,False,5,3,3,1
2020-07-03,Summer,Rainy,Warm,False,False,False,1,2,1,1
2020-07-04,Summer,Sunny,Warm,False,False,False,5,3,6,4
2020-07-05,Summer,Cloudy,Warm,False,False,False,3,2,3,4
2020-07-06,Summer,Cloudy,Warm,False,False,False,4,1,3,1
2020-07-07,Summer,Sunny,Normal,False,False,False,2,3,4,4
2020-07-08,Summer,Sunny,Warm,False,False,False,7,4,4,5
2020-07-09,Summer,Sunny,Warm,False,True,False,9,6,9,10
2020-07-10,Summer,Sunny,Normal,False,False,False,4,1,3,1
2020-07-11,Summer,Sunny,Warm,False,False,False,7,5,6,5
2020-07-12,Summer,Sunny,Hot,False,False,False,8,3,5,5
2020-07-13,Summer,Rainy,Hot,False,False,False,1,1,2,3
2020-07-14,Summer,Sunny,Warm,False,True,False,9,6,12,5
2020-07-15,Summer,Sunny,Warm,False,False,False,7,3,8,4
2020-07-16,Summer,Rainy,Warm,False,True,False,5,1,6,3
2020-07-17,Summer,Sunny,Normal,False,False,False,2,2,3,3
2020-07-18,Summer,Sunny,Warm,False,False,False,7,5,6,7
2020-07-19,Summer,Sunny,Warm,False,False,False,8,4,4,4
2020-07-20,Summer,Sunny,Warm,False,False,False,7,4,6,6
2020-07-21,Summer,Rainy,Warm,False,False,False,1,2,3,1
2020-07-22,Summer,Sunny,Hot,False,False,False,6,5,9,3
2020-07-23,Summer,Sunny,Normal,False,False,False,5,3,3,2
2020-07-24,Summer,Sunny,Warm,False,False,False,8,3,6,5
2020-07-25,Summer,Rainy,Warm,False,False,False,2,1,1,1
2020-07-26,Summer,Sunny,Warm,False,False,False,8,3,7,5
2020-07-27,Summer,Cloudy,Warm,False,True,False,5,3,4,4
2020-07-28,Summer,Sunny,Warm,False,True,False,9,5,8,7
2020-07-29,Summer,Sunny,Warm,False,False,False,6,2,7,5
2020-07-30,Summer,Cloudy,Warm,False,False,False,5,2,3,2
2020-07-31,Summer,Sunny,Warm,False,False,False,8,4,5,4
2020-08-01,Summer,Cloudy,Warm,False,False,False,3,1,2,4
2020-08-02,Summer,Sunny,Normal,False,False,False,4,1,3,4
2020-08-03,Summer,Sunny,Warm,False,False,False,5,5,6,6
2020-08-04,Summer,Cloudy,Warm,False,False,False,5,2,3,3
2020-08-05,Summer,Sunny,Warm,False,True,False,11,6,10,8
2020-08-06,Summer,Cloudy,Warm,False,False,False,3,3,3,1
2020-08-07,Summer,Sunny,Warm,False,False,False,5,3,6,5
2020-08-08,Summer,Cloudy,Hot,False,False,False,4,1,2,3
2020-08-09,Summer,Rainy,Warm,False,False,False,1,2,1,1
2020-08-10,Summer,Sunny,Warm,False,True,False,12,7,10,7
2020-08-11,Summer,Sunny,Hot,False,False,False,7,4,9,7
2020-08-12,Summer,Cloudy,Normal,False,True,False,8,3,6,5
2020-08-13,Summer,Sunny,Warm,False,False,False,8,5,4,8
2020-08-14,Summer,Sunny,Warm,False,False,False,6,4,8,3
2020-08-15,Summer,Sunny,Warm,False,False,False,6,6,7,6
2020-08-16,Summer,Rainy,Normal,False,False,False,1,2,3,2
2020-08-17,Summer,Rainy,Warm,False,True,False,6,3,5,4
2020-08-18,Summer,Sunny,Warm,False,False,False,5,4,5,7
2020-08-19,Summer,Sunny,Warm,False,False,False,6,5,4,4
2020-08-20,Summer,Cloudy,Warm,False,False,False,2,3,3,2
2020-08-21,Summer,Sunny,Warm,False,False,False,6,4,7,4
2020-08-22,Summer,Rainy,Warm,False,False,False,1,1,2,3
2020-08-23,Summer,Rainy,Warm,False,False,False,3,2,3,1
2020-08-24,Summer,Sunny,Hot,False,False,False,8,3,5,8
2020-08-25,Summer,Rainy,Warm,False,False,False,1,2,2,1
2020-08-26,Summer,Rainy,Warm,False,False,False,1,2,1,1
2020-08-27,Summer,Sunny,Warm,False,True,False,10,6,8,7
2020-08-28,Summer,Rainy,Warm,True,False,False,4,3,4,3
2020-08-29,Summer,Sunny,Warm,False,False,False,6,3,6,7
2020-08-30,Summer,Sunny,Normal,False,False,False,5,3,4,1
2020-08-31,Summer,Cloudy,Warm,False,False,False,5,1,3,1
2020-09-01,Summer,Sunny,Warm,False,False,False,6,6,6,4
2020-09-02,Summer,Cloudy,Warm,False,False,False,5,1,2,3
2020-09-03,Summer,Rainy,Hot,False,False,False,3,1,1,3
2020-09-04,Summer,Sunny,Warm,False,False,False,8,5,6,6
2020-09-05,Summer,Sunny,Hot,False,False,False,5,4,5,4
2020-09-06,Summer,Sunny,Warm,False,False,False,4,5,6,5
2020-09-07,Summer,Sunny,Warm,False,True,False,7,6,9,7
2020-09-08,Summer,Sunny,Warm,False,False,False,6,4,6,3
2020-09-09,Summer,Sunny,Warm,False,False,False,6,5,7,7
2020-09-10,Summer,Sunny,Warm,False,False,False,6,4,7,5
2020-09-11,Summer,Sunny,Warm,False,False,False,6,4,7,7
2020-09-12,Summer,Sunny,Warm,False,False,False,6,5,7,8
2020-09-13,Summer,Sunny,Warm,False,False,False,7,2,6,5
2020-09-14,Summer,Sunny,Normal,False,False,False,4,2,2,1
2020-09-15,Summer,Rainy,Warm,False,False,False,1,1,1,2
2020-09-16,Summer,Rainy,Warm,False,False,False,2,1,2,3
2020-09-17,Summer,Sunny,Warm,False,False,False,8,5,5,6
2020-09-18,Summer,Sunny,Warm,False,False,False,5,4,7,5
2020-09-19,Summer,Cloudy,Warm,False,False,False,4,1,4,4
2020-09-20,Autumn,Rainy,Normal,False,False,False,1,1,2,3
2020-09-21,Autumn,Cloudy,Normal,False,False,False,4,1,2,3
2020-09-22,Autumn,Sunny,Normal,False,False,False,3,2,4,4
2020-09-23,Autumn,Cloudy,Cold,False,False,False,2,1,1,3
2020-09-24,Autumn,Sunny,Cold,False,False,False,4,2,1,2
2020-09-25,Autumn,Rainy,Normal,False,False,False,1,1,3,1
2020-09-26,Autumn,Rainy,Normal,False,False,False,3,1,2,1
2020-09-27,Autumn,Cloudy,Normal,False,False,False,2,3,2,3
2020-09-28,Autumn,Cloudy,Normal,False,False,False,4,2,2,4
2020-09-29,Autumn,Cloudy,Cold,False,False,False,2,2,2,2
2020-09-30,Autumn,Rainy,Cold,False,False,False,1,1,3,1
2020-10-01,Autumn,Rainy,Cold,False,True,False,5,3,6,4
2020-10-02,Autumn,Rainy,Normal,False,False,False,3,1,1,2
2020-10-03,Autumn,Rainy,Normal,False,True,False,5,3,4,1
2020-10-04,Autumn,Cloudy,Cold,False,False,False,2,1,2,3
2020-10-05,Autumn,Sunny,Normal,False,True,False,8,4,6,4
2020-10-06,Autumn,Sunny,Normal,False,True,False,5,5,7,5
2020-10-07,Autumn,Sunny,Normal,False,False,False,3,1,2,3
2020-10-08,Autumn,Cloudy,Normal,False,False,False,4,1,4,2
2020-10-09,Autumn,Cloudy,Normal,False,False,False,2,2,4,2
2020-10-10,Autumn,Sunny,Normal,False,False,False,4,3,4,2
2020-10-11,Autumn,Rainy,Normal,False,False,False,1,1,3,1
2020-10-12,Autumn,Rainy,Normal,False,False,True,6,8,12,9
2020-10-13,Autumn,Rainy,Normal,False,False,False,3,2,1,2
2020-10-14,Autumn,Cloudy,Normal,False,False,False,4,1,2,2
2020-10-15,Autumn,Sunny,Normal,False,False,False,3,2,2,2
2020-10-16,Autumn,Rainy,Normal,False,True,False,3,2,5,5
2020-10-17,Autumn,Sunny,Warm,False,True,False,7,4,6,4
2020-10-18,Autumn,Sunny,Cold,False,False,False,2,1,3,1
2020-10-19,Autumn,Rainy,Cold,False,False,False,3,1,2,2
2020-10-20,Autumn,Rainy,Cold,False,False,False,3,1,1,1
2020-10-21,Autumn,Rainy,Cold,False,False,False,1,1,1,3
2020-10-22,Autumn,Rainy,Warm,False,False,False,1,2,1,3
2020-10-23,Autumn,Rainy,Normal,False,True,False,7,2,4,3
2020-10-24,Autumn,Rainy,Cold,False,False,False,4,1,1,2
2020-10-25,Autumn,Cloudy,Cold,False,False,False,2,1,1,3
2020-10-26,Autumn,Rainy,Normal,False,False,False,1,2,2,1
2020-10-27,Autumn,Rainy,Normal,False,False,False,1,2,1,1
2020-10-28,Autumn,Rainy,Cold,False,True,False,3,1,2,3
2020-10-29,Autumn,Rainy,Normal,False,False,False,2,1,3,3
2020-10-30,Autumn,Sunny,Cold,False,True,False,4,3,5,3
2020-10-31,Autumn,Sunny,Normal,False,True,False,8,5,4,5
2020-11-01,Autumn,Sunny,Normal,False,False,False,3,2,3,1
2020-11-02,Autumn,Cloudy,Normal,False,True,False,6,5,8,7
2020-11-03,Autumn,Cloudy,Normal,False,False,False,2,3,4,4
2020-11-04,Autumn,Sunny,Normal,False,False,False,3,1,4,3
2020-11-05,Autumn,Cloudy,Normal,False,False,False,3,1,3,3
2020-11-06,Autumn,Sunny,Warm,False,False,False,2,2,4,2
2020-11-07,Autumn,Rainy,Cold,False,False,False,2,1,3,1
2020-11-08,Autumn,Rainy,Cold,False,False,False,1,2,3,1
2020-11-09,Autumn,Sunny,Warm,False,False,False,3,3,2,1
2020-11-10,Autumn,Rainy,Cold,False,False,False,1,2,1,2
2020-11-11,Autumn,Rainy,Cold,False,False,False,1,1,1,1
2020-11-12,Autumn,Sunny,Very cold,False,False,False,1,1,3,1
2020-11-13,Autumn,Sunny,Normal,False,True,False,5,4,4,4
2020-11-14,Autumn,Sunny,Cold,False,False,False,2,2,2,1
2020-11-15,Autumn,Rainy,Cold,False,False,False,2,1,1,1
2020-11-16,Autumn,Sunny,Cold,False,False,False,2,1,1,1
2020-11-17,Autumn,Rainy,Normal,False,False,False,2,1,1,1
2020-11-18,Autumn,Cloudy,Cold,False,False,False,3,1,2,2
2020-11-19,Autumn,Sunny,Cold,False,False,False,4,1,1,3
2020-11-20,Autumn,Rainy,Cold,False,False,False,1,1,1,1
2020-11-21,Autumn,Sunny,Normal,False,False,False,4,2,2,1
2020-11-22,Autumn,Rainy,Normal,False,False,False,4,1,3,3
2020-11-23,Autumn,Sunny,Cold,False,False,False,3,2,1,1
2020-11-24,Autumn,Cloudy,Cold,False,False,False,2,1,2,1
2020-11-25,Autumn,Sunny,Cold,False,False,False,3,2,2,3
2020-11-26,Autumn,Sunny,Cold,False,False,False,3,1,2,3
2020-11-27,Autumn,Sunny,Normal,False,False,False,4,3,3,2
2020-11-28,Autumn,Rainy,Normal,False,False,False,2,1,1,3
2020-11-29,Autumn,Rainy,Normal,False,False,False,2,1,1,2
2020-11-30,Autumn,Rainy,Cold,False,False,False,3,1,1,1
2020-12-01,Autumn,Sunny,Normal,False,False,False,4,1,4,3
2020-12-02,Autumn,Rainy,Normal,False,False,False,2,1,2,3
2020-12-03,Autumn,Rainy,Normal,False,False,False,4,1,1,3
2020-12-04,Autumn,Sunny,Normal,False,False,False,5,1,4,1
2020-12-05,Autumn,Rainy,Cold,False,False,False,2,2,1,1
2020-12-06,Autumn,Sunny,Normal,False,False,False,4,2,3,3
2020-12-07,Autumn,Sunny,Normal,True,False,False,4,3,4,5
2020-12-08,Autumn,Sunny,Normal,False,True,False,6,4,6,2
2020-12-09,Autumn,Sunny,Warm,False,False,False,2,2,2,4
2020-12-10,Autumn,Sunny,Cold,False,False,False,4,2,2,1
2020-12-11,Autumn,Rainy,Normal,False,False,False,1,2,1,1
2020-12-12,Autumn,Cloudy,Normal,False,False,False,2,3,3,4
2020-12-13,Autumn,Rainy,Normal,False,False,False,3,1,2,1
2020-12-14,Autumn,Rainy,Normal,False,False,False,1,1,1,1
2020-12-15,Autumn,Cloudy,Normal,False,False,False,2,1,4,3
2020-12-16,Autumn,Sunny,Normal,False,False,False,5,1,2,2
2020-12-17,Autumn,Cloudy,Normal,False,False,False,5,1,2,4
2020-12-18,Autumn,Cloudy,Normal,False,True,False,4,3,6,4
2020-12-19,Autumn,Sunny,Normal,False,False,False,5,3,2,3
2020-12-20,Winter,Cloudy,Cold,False,False,False,1,2,1,1
2020-12-21,Winter,Rainy,Cold,False,False,False,4,2,2,1
2020-12-22,Winter,Sunny,Cold,False,False,False,4,1,1,1
2020-12-23,Winter,Cloudy,Cold,False,False,False,2,2,1,1
2020-12-24,Winter,Cloudy,Cold,False,True,False,3,1,4,3
2020-12-25,Winter,Snowy,Cold,False,False,True,6,6,9,4
2020-12-26,Winter,Cloudy,Cold,False,False,False,1,2,2,1
2020-12-27,Winter,Rainy,Cold,False,True,False,6,1,5,4
2020-12-28,Winter,Sunny,Cold,False,False,False,1,1,1,3
2020-12-29,Winter,Snowy,Cold,False,False,False,1,1,3,3
2020-12-30,Winter,Sunny,Cold,False,False,False,1,2,1,3
2020-12-31,Winter,Sunny,Cold,False,False,False,4,2,1,1
2021-01-01,Winter,Cloudy,Cold,False,False,True,12,7,8,9
2021-01-02,Winter,Cloudy,Cold,False,False,False,3,1,2,2
2021-01-03,Winter,Sunny,Cold,False,True,False,4,3,3,5
2021-01-04,Winter,Cloudy,Cold,True,False,False,2,3,2,2
2021-01-05,Winter,Cloudy,Cold,False,False,False,2,2,1,3
2021-01-06,Winter,Rainy,Cold,False,False,False,1,1,1,1
2021-01-07,Winter,Snowy,Cold,False,False,False,4,2,3,1
2021-01-08,Winter,Cloudy,Cold,False,False,False,2,1,2,2
2021-01-09,Winter,Cloudy,Cold,False,True,False,6,4,2,5
2021-01-10,Winter,Sunny,Cold,False,False,False,3,2,1,3
2021-01-11,Winter,Rainy,Cold,False,False,False,2,1,1,3
2021-01-12,Winter,Cloudy,Cold,False,False,False,3,2,3,1
2021-01-13,Winter,Snowy,Cold,False,False,False,1,1,2,2
2021-01-14,Winter,Sunny,Cold,False,False,False,2,2,2,1
2021-01-15,Winter,Cloudy,Cold,False,False,False,1,1,2,3
2021-01-16,Winter,Cloudy,Cold,False,False,False,2,1,1,2
2021-01-17,Winter,Rainy,Normal,False,False,False,2,2,2,1
2021-01-18,Winter,Sunny,Cold,False,False,False,4,1,3,1
2021-01-19,Winter,Sunny,Cold,False,False,False,1,1,2,2
2021-01-20,Winter,Rainy,Cold,False,False,False,1,1,2,1
2021-01-21,Winter,Rainy,Cold,False,False,False,2,1,3,2
2021-01-22,Winter,Cloudy,Cold,False,False,False,2,1,1,3
2021-01-23,Winter,Cloudy,Cold,False,False,False,3,1,2,3
2021-01-24,Winter,Cloudy,Cold,False,False,False,2,2,2,1
2021-01-25,Winter,Rainy,Cold,False,False,False,1,1,1,3
2021-01-26,Winter,Snowy,Cold,False,False,False,1,2,1,1
2021-01-27,Winter,Cloudy,Cold,False,False,False,3,1,1,1
2021-01-28,Winter,Snowy,Cold,False,False,False,1,1,1,1
2021-01-29,Winter,Rainy,Cold,False,True,False,6,1,3,2
2021-01-30,Winter,Cloudy,Cold,False,False,False,2,1,3,2
2021-01-31,Winter,Rainy,Cold,False,False,False,1,1,3,3
2021-02-01,Winter,Snowy,Cold,False,False,False,1,1,1,1
2021-02-02,Winter,Rainy,Normal,False,True,False,4,3,3,4
2021-02-03,Winter,Sunny,Cold,False,False,False,3,2,2,1
2021-02-04,Winter,Rainy,Normal,False,False,False,3,2,1,1
2021-02-05,Winter,Rainy,Cold,False,False,False,2,2,3,1
2021-02-06,Winter,Cloudy,Cold,False,False,False,1,1,3,3
2021-02-07,Winter,Rainy,Cold,False,False,False,3,1,1,1
2021-02-08,Winter,Rainy,Cold,False,False,False,1,2,2,1
2021-02-09,Winter,Rainy,Cold,False,False,False,1,2,2,3
2021-02-10,Winter,Snowy,Cold,False,False,False,1,2,1,1
2021-02-11,Winter,Snowy,Cold,False,False,False,3,2,1,1
2021-02-12,Winter,Snowy,Cold,False,False,False,3,1,1,2
2021-02-13,Winter,Snowy,Cold,False,False,False,1,1,3,3
2021-02-14,Winter,Rainy,Cold,False,False,False,3,1,3,1
2021-02-15,Winter,Sunny,Cold,False,False,False,1,1,3,1
2021-02-16,Winter,Snowy,Cold,False,False,False,3,2,2,3
2021-02-17,Winter,Cloudy,Cold,False,False,False,1,1,1,1
2021-02-18,Winter,Cloudy,Cold,False,True,False,5,4,3,4
2021-02-19,Winter,Rainy,Cold,False,True,False,2,1,6,6
2021-02-20,Winter,Rainy,Cold,False,False,False,2,1,1,1
2021-02-21,Winter,Rainy,Cold,False,False,False,3,1,1,1
2021-02-22,Winter,Rainy,Cold,False,False,False,3,1,2,1
2021-02-23,Winter,Rainy,Normal,False,False,False,1,1,2,2
2021-02-24,Winter,Sunny,Normal,False,False,False,4,1,3,4
2021-02-25,Winter,Cloudy,Cold,False,True,False,5,2,6,4
2021-02-26,Winter,Snowy,Cold,False,False,False,1,1,2,1
2021-02-27,Winter,Snowy,Cold,False,True,False,6,2,5,4
2021-02-28,Winter,Rainy,Normal,False,False,False,1,1,3,1
2021-03-01,Winter,Sunny,Cold,False,True,False,4,4,6,3
2021-03-02,Winter,Rainy,Cold,False,False,False,2,1,3,2
2021-03-03,Winter,Rainy,Cold,False,False,False,1,1,1,1
2021-03-04,Winter,Rainy,Cold,False,False,False,1,1,2,1
2021-03-05,Winter,Sunny,Cold,False,False,False,1,2,2,1
2021-03-06,Winter,Rainy,Cold,False,False,False,4,2,1,3
2021-03-07,Winter,Sunny,Cold,False,False,False,2,1,1,2
2021-03-08,Winter,Sunny,Cold,False,False,False,2,2,2,1
2021-03-09,Winter,Snowy,Very cold,False,False,False,2,1,1,1
2021-03-10,Winter,Cloudy,Cold,False,False,False,1,1,1,1
2021-03-11,Winter,Rainy,Cold,False,False,False,1,1,2,2
2021-03-12,Winter,Cloudy,Cold,False,False,False,1,2,2,2
2021-03-13,Winter,Rainy,Cold,False,False,False,4,1,1,3
2021-03-14,Winter,Cloudy,Cold,False,False,False,1,1,3,3
2021-03-15,Winter,Rainy,Cold,False,False,False,2,2,3,2
2021-03-16,Winter,Cloudy,Very cold,False,False,False,2,2,1,2
2021-03-17,Winter,Cloudy,Cold,False,True,False,5,2,4,5
2021-03-18,Winter,Rainy,Cold,False,False,False,2,1,3,1
2021-03-19,Winter,Rainy,Cold,False,False,False,2,1,2,2
2021-03-20,Spring,Rainy,Normal,False,False,False,2,1,2,2
2021-03-21,Spring,Cloudy,Normal,False,False,False,4,2,2,2
2021-03-22,Spring,Cloudy,Warm,False,False,False,2,1,3,1
2021-03-23,Spring,Sunny,Normal,False,False,False,2,1,3,1
2021-03-24,Spring,Cloudy,Warm,False,False,False,5,1,4,3
2021-03-25,Spring,Rainy,Normal,False,False,False,4,1,1,1
2021-03-26,Spring,Sunny,Cold,True,False,False,3,1,4,3
2021-03-27,Spring,Sunny,Normal,False,True,False,7,3,8,7
2021-03-28,Spring,Cloudy,Normal,False,False,False,2,2,3,1
2021-03-29,Spring,Sunny,Warm,False,False,False,5,1,2,3
2021-03-30,Spring,Rainy,Normal,False,False,False,1,1,1,2
2021-03-31,Spring,Sunny,Normal,False,False,False,3,3,3,4
2021-04-01,Spring,Cloudy,Cold,False,False,False,2,1,2,1
2021-04-02,Spring,Sunny,Normal,True,False,False,4,2,6,4
2021-04-03,Spring,Cloudy,Cold,False,False,False,3,1,1,1
2021-04-04,Spring,Sunny,Cold,False,False,False,3,1,1,2
2021-04-05,Spring,Cloudy,Normal,False,True,False,4,4,6,2
2021-04-06,Spring,Sunny,Warm,False,False,False,3,1,3,4
2021-04-07,Spring,Cloudy,Cold,False,True,False,5,3,2,2
2021-04-08,Spring,Cloudy,Normal,False,False,False,3,1,4,2
2021-04-09,Spring,Cloudy,Cold,True,False,False,6,1,2,4
2021-04-10,Spring,Rainy,Warm,False,False,False,2,2,2,1
2021-04-11,Spring,Sunny,Normal,False,False,False,2,2,4,3
2021-04-12,Spring,Sunny,Warm,False,False,False,2,3,4,4
2021-04-13,Spring,Sunny,Cold,False,True,False,5,3,3,2
2021-04-14,Spring,Sunny,Normal,False,False,False,3,2,3,4
2021-04-15,Spring,Sunny,Cold,False,False,False,2,1,1,1
2021-04-16,Spring,Cloudy,Normal,False,False,False,4,2,2,1
2021-04-17,Spring,Rainy,Normal,False,False,False,1,1,3,1
2021-04-18,Spring,Rainy,Warm,False,False,False,1,2,1,3
2021-04-19,Spring,Cloudy,Normal,False,True,False,6,4,5,3
2021-04-20,Spring,Rainy,Normal,False,False,False,3,2,3,2
2021-04-21,Spring,Rainy,Normal,False,False,False,3,1,2,1
2021-04-22,Spring,Cloudy,Normal,False,False,False,3,2,2,3
2021-04-23,Spring,Sunny,Normal,False,False,False,3,1,3,3
2021-04-24,Spring,Rainy,Normal,False,False,False,1,1,1,1
2021-04-25,Spring,Sunny,Cold,False,False,False,3,1,1,1
2021-04-26,Spring,Sunny,Normal,False,False,False,4,1,2,1
2021-04-27,Spring,Cloudy,Normal,False,False,False,3,3,2,1
2021-04-28,Spring,Sunny,Normal,False,False,False,5,2,2,2
2021-04-29,Spring,Rainy,Normal,False,False,False,1,1,1,1
2021-04-30,Spring,Sunny,Warm,False,False,False,2,3,3,4
2021-05-01,Spring,Cloudy,Normal,False,False,False,3,3,4,3
2021-05-02,Spring,Cloudy,Normal,False,False,False,4,1,2,4
2021-05-03,Spring,Rainy,Cold,False,False,False,3,1,1,1
2021-05-04,Spring,Sunny,Normal,False,False,False,3,3,2,3
2021-05-05,Spring,Sunny,Normal,False,False,False,3,2,2,4
2021-05-06,Spring,Sunny,Normal,False,False,False,4,2,4,4
2021-05-07,Spring,Rainy,Normal,False,False,False,1,1,2,1
2021-05-08,Spring,Cloudy,Warm,False,False,False,2,1,3,4
2021-05-09,Spring,Rainy,Warm,False,True,False,4,3,6,5
2021-05-10,Spring,Cloudy,Normal,False,False,False,5,2,4,1
2021-05-11,Spring,Cloudy,Normal,False,True,False,8,5,6,5
2021-05-12,Spring,Cloudy,Normal,False,False,False,4,1,2,1
2021-05-13,Spring,Cloudy,Cold,False,False,False,1,1,1,3
2021-05-14,Spring,Sunny,Normal,False,True,False,8,4,6,5
2021-05-15,Spring,Rainy,Normal,False,False,False,2,1,3,1
2021-05-16,Spring,Sunny,Cold,False,False,False,1,1,3,2
2021-05-17,Spring,Sunny,Cold,False,False,False,1,1,1,1
2021-05-18,Spring,Cloudy,Warm,False,False,False,5,3,3,3
2021-05-19,Spring,Sunny,Normal,False,False,False,5,1,3,1
2021-05-20,Spring,Rainy,Normal,False,False,False,3,2,2,2
2021-05-21,Spring,Rainy,Normal,False,False,False,4,1,3,2
2021-05-22,Spring,Sunny,Cold,False,False,False,4,1,1,1
2021-05-23,Spring,Rainy,Warm,False,False,False,2,2,2,1
2021-05-24,Spring,Sunny,Normal,False,False,False,5,1,4,2
2021-05-25,Spring,Sunny,Normal,False,True,False,7,3,8,4
2021-05-26,Spring,Cloudy,Normal,False,False,False,3,1,4,2
2021-05-27,Spring,Rainy,Normal,False,False,False,1,1,1,1
2021-05-28,Spring,Cloudy,Cold,False,False,False,1,2,1,2
2021-05-29,Spring,Sunny,Warm,False,True,False,8,2,4,6
2021-05-30,Spring,Rainy,Normal,False,False,False,4,2,2,3
2021-05-31,Spring,Cloudy,Warm,False,True,False,8,4,6,3
2021-06-01,Spring,Sunny,Warm,False,False,False,3,3,3,1
2021-06-02,Spring,Cloudy,Warm,False,False,False,4,1,2,4
2021-06-03,Spring,Cloudy,Warm,False,False,False,4,1,4,2
2021-06-04,Spring,Sunny,Warm,False,False,False,5,2,2,1
2021-06-05,Spring,Sunny,Normal,False,False,False,2,3,3,1
2021-06-06,Spring,Sunny,Normal,False,False,False,5,1,2,2
2021-06-07,Spring,Sunny,Cold,False,False,False,3,1,2,1
2021-06-08,Spring,Cloudy,Normal,False,True,False,6,4,6,4
2021-06-09,Spring,Rainy,Cold,False,False,False,1,2,3,2
2021-06-10,Spring,Cloudy,Cold,False,False,False,1,1,1,1
2021-06-11,Spring,Rainy,Normal,False,False,False,4,1,1,1
2021-06-12,Spring,Rainy,Normal,False,True,False,5,1,5,2
2021-06-13,Spring,Sunny,Normal,False,True,False,4,2,6,3
2021-06-14,Spring,Sunny,Normal,False,False,False,2,2,4,3
2021-06-15,Spring,Cloudy,Cold,False,False,False,3,1,1,1
2021-06-16,Spring,Sunny,Normal,False,False,False,2,3,3,1
2021-06-17,Spring,Rainy,Normal,False,False,False,3,1,1,3
2021-06-18,Spring,Sunny,Warm,False,False,False,2,3,2,4
2021-06-19,Spring,Cloudy,Warm,False,False,False,5,2,4,2
2021-06-20,Summer,Sunny,Warm,False,False,False,8,2,7,4
2021-06-21,Summer,Sunny,Warm,False,False,False,8,4,7,8
2021-06-22,Summer,Sunny,Normal,False,False,False,5,3,2,3
2021-06-23,Summer,Sunny,Warm,False,False,False,8,3,4,5
2021-06-24,Summer,Sunny,Warm,False,False,False,7,4,6,5
2021-06-25,Summer,Rainy,Warm,False,False,False,2,1,1,3
2021-06-26,Summer,Rainy,Warm,False,False,False,2,1,1,3
2021-06-27,Summer,Rainy,Warm,False,False,False,3,1,1,3
2021-06-28,Summer,Rainy,Warm,False,False,False,2,1,1,1
2021-06-29,Summer,Sunny,Hot,False,False,False,8,5,7,7
2021-06-30,Summer,Cloudy,Warm,False,False,False,4,2,2,3
2021-07-01,Summer,Cloudy,Warm,False,False,True,9,6,9,10
2021-07-02,Summer,Sunny,Normal,False,False,False,5,2,2,1
2021-07-03,Summer,Cloudy,Warm,False,True,False,6,2,6,3
2021-07-04,Summer,Rainy,Warm,False,True,False,6,1,2,6
2021-07-05,Summer,Sunny,Warm,False,True,False,9,5,11,7
2021-07-06,Summer,Sunny,Warm,False,True,False,11,8,11,6
2021-07-07,Summer,Cloudy,Warm,False,True,False,6,3,5,2
2021-07-08,Summer,Cloudy,Warm,False,False,False,2,2,2,4
2021-07-09,Summer,Sunny,Warm,False,False,False,8,5,7,8
2021-07-10,Summer,Sunny,Warm,False,False,False,8,2,7,6
2021-07-11,Summer,Sunny,Warm,False,True,False,7,6,9,8
2021-07-12,Summer,Sunny,Warm,False,False,False,4,3,7,8
2021-07-13,Summer,Rainy,Warm,False,False,False,3,1,1,2
2021-07-14,Summer,Cloudy,Warm,False,False,False,5,3,3,1
2021-07-15,Summer,Rainy,Warm,False,False,False,1,2,2,2
2021-07-16,Summer,Cloudy,Warm,False,False,False,2,1,2,3
2021-07-17,Summer,Sunny,Normal,False,False,False,2,1,4,1
2021-07-18,Summer,Rainy,Warm,False,False,False,1,2,1,3
2021-07-19,Summer,Cloudy,Hot,False,False,False,4,1,2,2
2021-07-20,Summer,Rainy,Normal,False,False,False,1,1,1,2
2021-07-21,Summer,Rainy,Warm,False,False,False,3,2,1,2
2021-07-22,Summer,Sunny,Warm,False,False,False,6,2,7,6
2021-07-23,Summer,Sunny,Warm,False,True,False,10,6,10,6
2021-07-24,Summer,Sunny,Warm,False,False,False,8,5,7,3
2021-07-25,Summer,Rainy,Hot,False,False,False,1,2,2,3
2021-07-26,Summer,Sunny,Hot,False,False,False,6,5,8,5
2021-07-27,Summer,Sunny,Warm,False,False,False,7,4,8,4
2021-07-28,Summer,Sunny,Warm,False,False,False,6,2,8,6
2021-07-29,Summer,Rainy,Normal,False,False,False,3,1,1,3
2021-07-30,Summer,Sunny,Warm,False,False,False,7,5,5,7
2021-07-31,Summer,Sunny,Warm,False,False,False,8,3,5,5
2021-08-01,Summer,Sunny,Warm,False,True,False,9,6,9,11
2021-08-02,Summer,Sunny,Warm,False,False,False,7,4,8,7
2021-08-03,Summer,Cloudy,Warm,False,False,False,3,3,3,4
2021-08-04,Summer,Rainy,Warm,False,False,False,1,1,1,2
2021-08-05,Summer,Rainy,Warm,False,False,False,2,1,2,1
2021-08-06,Summer,Sunny,Hot,False,True,False,8,6,9,7
2021-08-07,Summer,Cloudy,Warm,False,False,False,3,1,2,3
2021-08-08,Summer,Sunny,Hot,False,False,False,5,4,7,3
2021-08-09,Summer,Cloudy,Warm,False,False,False,5,1,4,2
2021-08-10,Summer,Cloudy,Warm,False,False,False,5,3,4,4
2021-08-11,Summer,Sunny,Hot,False,False,False,8,2,4,3
2021-08-12,Summer,Sunny,Warm,False,False,False,8,5,7,3
2021-08-13,Summer,Sunny,Warm,False,True,False,10,4,12,9
2021-08-14,Summer,Cloudy,Normal,False,False,False,3,2,4,3
2021-08-15,Summer,Sunny,Warm,False,False,False,6,4,8,8
2021-08-16,Summer,Sunny,Warm,False,True,False,9,5,7,8
2021-08-17,Summer,Cloudy,Hot,False,True,False,4,3,6,2
2021-08-18,Summer,Sunny,Warm,False,False,False,7,3,5,6
2021-08-19,Summer,Sunny,Warm,False,False,False,5,4,7,7
2021-08-20,Summer,Sunny,Warm,False,False,False,7,5,6,7
2021-08-21,Summer,Rainy,Warm,False,True,False,4,1,5,3
2021-08-22,Summer,Sunny,Warm,False,False,False,8,4,8,6
2021-08-23,Summer,Sunny,Warm,False,False,False,7,6,7,4
2021-08-24,Summer,Cloudy,Warm,False,False,False,4,1,3,3
2021-08-25,Summer,Sunny,Warm,False,True,False,7,4,8,7
2021-08-26,Summer,Rainy,Warm,False,False,False,3,1,1,1
2021-08-27,Summer,Rainy,Warm,False,False,False,1,1,1,3
2021-08-28,Summer,Rainy,Warm,False,False,False,2,2,2,2
2021-08-29,Summer,Rainy,Hot,False,False,False,2,1,2,1
2021-08-30,Summer,Cloudy,Warm,False,False,False,3,1,4,2
2021-08-31,Summer,Sunny,Warm,False,False,False,9,4,6,8
2021-09-01,Summer,Sunny,Warm,False,False,False,7,4,9,8
2021-09-02,Summer,Sunny,Warm,False,True,False,10,8,11,7
2021-09-03,Summer,Sunny,Warm,False,False,False,8,3,6,6
2021-09-04,Summer,Rainy,Warm,False,False,False,4,2,2,2
2021-09-05,Summer,Sunny,Warm,False,False,False,6,5,6,6
2021-09-06,Summer,Rainy,Hot,False,True,False,4,4,5,6
2021-09-07,Summer,Cloudy,Warm,False,False,False,3,1,3,2
2021-09-08,Summer,Rainy,Warm,False,True,False,5,2,3,2
2021-09-09,Summer,Rainy,Warm,False,False,False,3,1,2,1
2021-09-10,Summer,Rainy,Warm,True,False,False,5,3,3,2
2021-09-11,Summer,Sunny,Normal,False,False,False,2,3,2,1
2021-09-12,Summer,Sunny,Warm,False,False,False,7,6,5,6
2021-09-13,Summer,Sunny,Warm,False,False,False,7,6,7,7
2021-09-14,Summer,Cloudy,Warm,False,False,False,2,2,4,4
2021-09-15,Summer,Sunny,Warm,False,False,False,7,5,5,7
2021-09-16,Summer,Sunny,Warm,False,True,False,9,5,8,5
2021-09-17,Summer,Sunny,Warm,False,False,False,7,3,6,5
2021-09-18,Summer,Rainy,Warm,False,False,False,1,1,3,3
2021-09-19,Summer,Cloudy,Warm,False,False,False,3,3,4,4
2021-09-20,Autumn,Sunny,Cold,False,False,False,1,1,1,1
2021-09-21,Autumn,Cloudy,Normal,False,False,False,3,1,3,1
2021-09-22,Autumn,Rainy,Normal,False,True,False,5,1,5,4
2021-09-23,Autumn,Sunny,Normal,False,False,False,3,2,3,1
2021-09-24,Autumn,Cloudy,Normal,False,False,False,3,1,4,1
2021-09-25,Autumn,Sunny,Normal,False,True,False,7,4,4,6
2021-09-26,Autumn,Cloudy,Cold,False,False,False,3,1,2,2
2021-09-27,Autumn,Sunny,Normal,False,False,False,3,2,2,1
2021-09-28,Autumn,Cloudy,Very cold,False,False,False,1,1,2,1
2021-09-29,Autumn,Cloudy,Normal,False,False,False,2,2,4,3
2021-09-30,Autumn,Cloudy,Normal,False,False,False,2,3,3,4
2021-10-01,Autumn,Rainy,Normal,False,False,False,1,2,1,1
2021-10-02,Autumn,Rainy,Cold,False,False,False,3,1,2,1
2021-10-03,Autumn,Rainy,Cold,False,False,False,2,1,1,3
2021-10-04,Autumn,Sunny,Cold,False,True,False,4,1,5,2
2021-10-05,Autumn,Cloudy,Cold,False,False,False,1,1,1,1
2021-10-06,Autumn,Cloudy,Cold,False,False,False,1,1,1,1
2021-10-07,Autumn,Cloudy,Warm,False,False,False,4,1,4,3
2021-10-08,Autumn,Rainy,Normal,False,False,False,3,1,2,3
2021-10-09,Autumn,Rainy,Cold,False,False,False,2,2,2,2
2021-10-10,Autumn,Rainy,Warm,False,False,False,1,1,2,1
2021-10-11,Autumn,Cloudy,Cold,False,False,True,12,5,7,10
2021-10-12,Autumn,Rainy,Cold,False,True,False,5,3,4,4
2021-10-13,Autumn,Sunny,Cold,False,True,False,7,1,4,1
2021-10-14,Autumn,Cloudy,Normal,False,False,False,4,1,2,4
2021-10-15,Autumn,Cloudy,Cold,False,False,False,2,1,3,3
2021-10-16,Autumn,Sunny,Cold,False,False,False,3,1,2,1
2021-10-17,Autumn,Rainy,Cold,False,False,False,1,1,2,1
2021-10-18,Autumn,Sunny,Cold,False,False,False,2,1,1,3
2021-10-19,Autumn,Sunny,Cold,False,False,False,1,1,1,2
2021-10-20,Autumn,Rainy,Cold,False,False,False,2,2,3,1
2021-10-21,Autumn,Sunny,Normal,False,False,False,3,3,2,2
2021-10-22,Autumn,Cloudy,Cold,False,True,False,4,3,6,5
2021-10-23,Autumn,Sunny,Cold,False,False,False,1,1,1,1
2021-10-24,Autumn,Cloudy,Normal,False,False,False,2,2,2,4
2021-10-25,Autumn,Sunny,Normal,False,False,False,5,1,2,2
2021-10-26,Autumn,Cloudy,Normal,False,True,False,6,3,5,7
2021-10-27,Autumn,Rainy,Normal,False,True,False,4,2,3,3
2021-10-28,Autumn,Rainy,Normal,False,False,False,4,1,2,3
2021-10-29,Autumn,Sunny,Normal,False,True,False,7,2,7,5
2021-10-30,Autumn,Rainy,Normal,False,True,False,3,1,4,6
2021-10-31,Autumn,Rainy,Normal,False,False,False,1,1,1,1
2021-11-01,Autumn,Sunny,Normal,False,False,False,5,3,4,1
2021-11-02,Autumn,Sunny,Normal,False,False,False,4,2,4,2
2021-11-03,Autumn,Sunny,Cold,False,False,False,1,2,1,1
2021-11-04,Autumn,Rainy,Cold,False,False,False,4,1,3,1
2021-11-05,Autumn,Rainy,Normal,False,False,False,3,2,1,3
2021-11-06,Autumn,Sunny,Normal,False,False,False,2,3,3,3
2021-11-07,Autumn,Rainy,Normal,False,False,False,3,1,2,1
2021-11-08,Autumn,Sunny,Cold,False,False,False,1,1,3,2
2021-11-09,Autumn,Cloudy,Normal,False,False,False,4,3,4,4
2021-11-10,Autumn,Cloudy,Cold,False,False,False,3,2,1,3
2021-11-11,Autumn,Sunny,Normal,False,True,False,7,5,8,3
2021-11-12,Autumn,Cloudy,Normal,False,False,False,5,3,4,2
2021-11-13,Autumn,Sunny,Cold,False,False,False,3,1,1,3
2021-11-14,Autumn,Sunny,Normal,False,True,False,5,4,5,4
2021-11-15,Autumn,Sunny,Normal,False,False,False,4,3,3,4
2021-11-16,Autumn,Rainy,Cold,False,False,False,3,1,1,3
2021-11-17,Autumn,Sunny,Cold,False,False,False,2,2,1,3
2021-11-18,Autumn,Cloudy,Normal,False,False,False,4,2,4,1
2021-11-19,Autumn,Rainy,Cold,False,False,False,1,1,1,2
2021-11-20,Autumn,Cloudy,Cold,False,True,False,5,1,3,2
2021-11-21,Autumn,Sunny,Cold,False,False,False,1,2,1,2
2021-11-22,Autumn,Rainy,Cold,False,False,False,1,2,1,1
2021-11-23,Autumn,Sunny,Cold,False,False,False,2,2,2,1
2021-11-24,Autumn,Sunny,Cold,False,False,False,2,2,1,3
2021-11-25,Autumn,Sunny,Normal,False,False,False,2,3,3,1
2021-11-26,Autumn,Sunny,Normal,False,False,False,5,3,2,4
2021-11-27,Autumn,Rainy,Normal,False,False,False,4,1,1,1
2021-11-28,Autumn,Sunny,Normal,False,False,False,3,1,3,3
2021-11-29,Autumn,Rainy,Normal,False,False,False,2,1,2,1
2021-11-30,Autumn,Rainy,Cold,False,False,False,3,2,3,2
2021-12-01,Autumn,Sunny,Normal,False,False,False,3,3,2,1
2021-12-02,Autumn,Cloudy,Normal,False,False,False,2,2,4,1
2021-12-03,Autumn,Rainy,Cold,False,False,False,1,2,1,3
2021-12-04,Autumn,Rainy,Warm,False,False,False,1,1,3,2
2021-12-05,Autumn,Rainy,Normal,False,False,False,1,2,3,2
2021-12-06,Autumn,Rainy,Normal,True,False,False,4,3,3,1
2021-12-07,Autumn,Cloudy,Normal,False,True,False,5,4,7,3
2021-12-08,Autumn,Rainy,Cold,False,False,False,3,1,2,1
2021-12-09,Autumn,Cloudy,Cold,False,False,False,1,1,1,1
2021-12-10,Autumn,Cloudy,Cold,False,False,False,2,2,3,1
2021-12-11,Autumn,Cloudy,Cold,False,True,False,5,2,7,6
2021-12-12,Autumn,Rainy,Normal,False,True,False,5,1,4,3
2021-12-13,Autumn,Cloudy,Warm,False,False,False,5,2,2,4
2021-12-14,Autumn,Sunny,Normal,False,True,False,5,4,6,4
2021-12-15,Autumn,Sunny,Cold,False,False,False,3,2,1,2
2021-12-16,Autumn,Rainy,Warm,False,False,False,1,1,1,1
2021-12-17,Autumn,Sunny,Cold,True,False,False,4,3,3,3
2021-12-18,Autumn,Cloudy,Cold,False,False,False,4,1,2,3
2021-12-19,Autumn,Cloudy,Warm,False,False,False,3,1,4,1
2021-12-20,Winter,Rainy,Cold,False,False,False,2,1,1,3
2021-12-21,Winter,Rainy,Cold,False,False,False,4,1,3,1
2021-12-22,Winter,Sunny,Cold,False,False,False,1,2,3,3
2021-12-23,Winter,Rainy,Normal,False,False,False,3,1,1,1
2021-12-24,Winter,Rainy,Cold,False,False,False,1,1,2,3
2021-12-25,Winter,Rainy,Cold,False,False,True,12,5,13,10
2021-12-26,Winter,Sunny,Cold,False,False,False,3,1,1,1
2021-12-27,Winter,Rainy,Cold,False,False,False,1,1,1,1
2021-12-28,Winter,Cloudy,Cold,False,False,False,2,2,2,2
2021-12-29,Winter,Rainy,Cold,False,False,False,2,1,2,1
2021-12-30,Winter,Snowy,Cold,False,False,False,3,1,1,1
2021-12-31,Winter,Rainy,Cold,False,False,False,3,1,1,1
2022-01-01,Winter,Rainy,Cold,False,False,True,10,5,6,9
2022-01-02,Winter,Rainy,Cold,False,False,False,2,2,3,1
2022-01-03,Winter,Cloudy,Cold,False,False,False,3,2,3,1
2022-01-04,Winter,Rainy,Normal,False,False,False,2,1,1,3
2022-01-05,Winter,Sunny,Cold,False,False,False,1,2,1,3
2022-01-06,Winter,Rainy,Cold,False,False,False,2,1,1,1
2022-01-07,Winter,Snowy,Very cold,False,False,False,3,1,1,1
2022-01-08,Winter,Rainy,Cold,False,False,False,2,1,3,1
2022-01-09,Winter,Rainy,Cold,False,False,False,1,2,3,1
2022-01-10,Winter,Rainy,Cold,False,False,False,1,1,1,1
2022-01-11,Winter,Sunny,Normal,False,False,False,5,2,2,2
2022-01-12,Winter,Rainy,Cold,False,False,False,1,1,1,3
2022-01-13,Winter,Cloudy,Cold,False,False,False,3,1,1,3
2022-01-14,Winter,Snowy,Cold,False,True,False,6,3,5,4
2022-01-15,Winter,Rainy,Cold,False,True,False,5,2,4,3
2022-01-16,Winter,Cloudy,Cold,False,False,False,3,1,3,1
2022-01-17,Winter,Cloudy,Cold,False,False,False,3,1,1,2
2022-01-18,Winter,Sunny,Cold,False,False,False,3,2,1,3
2022-01-19,Winter,Rainy,Normal,False,False,False,1,1,1,1
2022-01-20,Winter,Sunny,Normal,False,False,False,5,1,3,2
2022-01-21,Winter,Cloudy,Cold,False,False,False,3,2,1,3
2022-01-22,Winter,Rainy,Normal,False,False,False,2,1,1,2
2022-01-23,Winter,Sunny,Normal,False,False,False,2,1,3,2
2022-01-24,Winter,Sunny,Normal,False,False,False,5,3,4,3
2022-01-25,Winter,Cloudy,Cold,False,True,False,4,4,3,3
2022-01-26,Winter,Rainy,Normal,False,False,False,1,1,1,1
2022-01-27,Winter,Sunny,Cold,False,True,False,4,2,4,6
2022-01-28,Winter,Cloudy,Cold,False,True,False,5,1,3,2
2022-01-29,Winter,Sunny,Normal,False,True,False,8,4,7,4
2022-01-30,Winter,Sunny,Cold,False,False,False,4,2,1,1
2022-01-31,Winter,Rainy,Cold,False,False,False,3,1,1,2
2022-02-01,Winter,Rainy,Cold,False,False,False,4,2,3,3
2022-02-02,Winter,Rainy,Cold,False,False,False,4,1,3,2
2022-02-03,Winter,Cloudy,Cold,False,False,False,3,1,2,2
2022-02-04,Winter,Rainy,Cold,False,True,False,4,1,5,3
2022-02-05,Winter,Rainy,Cold,False,True,False,5,2,3,5
2022-02-06,Winter,Sunny,Cold,False,False,False,2,1,3,1
2022-02-07,Winter,Rainy,Cold,True,False,False,6,2,4,1
2022-02-08,Winter,Cloudy,Cold,False,False,False,1,1,1,2
2022-02-09,Winter,Sunny,Cold,False,True,False,2,3,2,4
2022-02-10,Winter,Cloudy,Normal,False,False,False,4,2,3,1
2022-02-11,Winter,Rainy,Cold,False,False,False,1,1,3,1
2022-02-12,Winter,Sunny,Cold,False,False,False,1,1,2,2
2022-02-13,Winter,Cloudy,Cold,False,False,False,1,1,2,3
2022-02-14,Winter,Snowy,Cold,False,False,False,1,1,2,3
2022-02-15,Winter,Cloudy,Very cold,False,True,False,4,3,7,5
2022-02-16,Winter,Cloudy,Cold,False,False,False,3,1,1,3
2022-02-17,Winter,Sunny,Cold,False,False,False,2,2,1,3
2022-02-18,Winter,Rainy,Normal,False,False,False,3,1,2,1
2022-02-19,Winter,Cloudy,Cold,False,True,False,4,2,5,3
2022-02-20,Winter,Snowy,Cold,False,False,False,2,1,2,2
2022-02-21,Winter,Rainy,Cold,False,False,False,1,1,2,3
2022-02-22,Winter,Rainy,Cold,False,False,False,2,1,1,1
2022-02-23,Winter,Rainy,Cold,False,False,False,3,1,1,1
2022-02-24,Winter,Rainy,Cold,False,False,False,1,2,1,3
2022-02-25,Winter,Rainy,Cold,False,False,False,1,1,3,1
2022-02-26,Winter,Rainy,Normal,False,False,False,2,1,1,3
2022-02-27,Winter,Cloudy,Cold,False,False,False,2,2,3,3
2022-02-28,Winter,Cloudy,Cold,False,True,False,2,3,5,4
2022-03-01,Winter,Cloudy,Cold,False,False,False,1,1,1,2
2022-03-02,Winter,Sunny,Cold,False,False,False,2,1,1,2
2022-03-03,Winter,Snowy,Very cold,False,False,False,1,2,2,3
2022-03-04,Winter,Snowy,Cold,False,False,False,3,1,1,1
2022-03-05,Winter,Snowy,Cold,False,False,False,1,2,3,1
2022-03-06,Winter,Rainy,Cold,False,False,False,1,1,1,1
2022-03-07,Winter,Rainy,Cold,False,False,False,3,1,1,1
2022-03-08,Winter,Sunny,Cold,False,False,False,1,1,1,1
2022-03-09,Winter,Rainy,Cold,False,False,False,1,1,1,2
2022-03-10,Winter,Rainy,Cold,False,False,False,2,1,2,2
2022-03-11,Winter,Snowy,Cold,False,False,False,1,1,2,3
2022-03-12,Winter,Rainy,Cold,False,False,False,3,1,1,1
2022-03-13,Winter,Cloudy,Cold,False,False,False,1,1,2,2
2022-03-14,Winter,Sunny,Cold,False,False,False,1,2,1,2
2022-03-15,Winter,Rainy,Cold,False,True,False,4,4,5,4
2022-03-16,Winter,Snowy,Cold,False,True,False,6,3,3,1
2022-03-17,Winter,Cloudy,Cold,False,True,False,6,1,4,1
2022-03-18,Winter,Sunny,Cold,False,False,False,3,2,2,2
2022-03-19,Winter,Sunny,Very cold,False,True,False,4,3,6,2
2022-03-20,Spring,Sunny,Cold,False,False,False,1,1,1,1
2022-03-21,Spring,Sunny,Normal,False,False,False,3,2,2,2
2022-03-22,Spring,Sunny,Normal,False,True,False,4,4,6,5
2022-03-23,Spring,Cloudy,Normal,False,True,False,4,3,6,5
2022-03-24,Spring,Cloudy,Warm,False,False,False,2,1,2,1
2022-03-25,Spring,Cloudy,Cold,False,False,False,1,1,3,1
2022-03-26,Spring,Cloudy,Normal,False,True,False,5,3,8,6
2022-03-27,Spring,Rainy,Warm,False,False,False,3,1,1,2
2022-03-28,Spring,Cloudy,Normal,False,False,False,5,1,4,4
2022-03-29,Spring,Rainy,Normal,False,False,False,4,1,1,3
2022-03-30,Spring,Rainy,Normal,False,False,False,2,1,1,2
2022-03-31,Spring,Sunny,Normal,False,False,False,5,3,2,1
2022-04-01,Spring,Sunny,Cold,False,False,False,2,2,2,3
2022-04-02,Spring,Sunny,Cold,False,False,False,1,1,1,1
2022-04-03,Spring,Rainy,Cold,False,False,False,3,2,3,1
2022-04-04,Spring,Rainy,Cold,False,False,False,1,1,1,3
2022-04-05,Spring,Sunny,Normal,False,False,False,4,2,2,1
2022-04-06,Spring,Rainy,Warm,False,False,False,2,2,1,3
2022-04-07,Spring,Rainy,Normal,False,False,False,3,1,1,1
2022-04-08,Spring,Cloudy,Normal,False,False,False,3,2,3,4
2022-04-09,Spring,Rainy,Warm,False,False,False,1,1,2,2
2022-04-10,Spring,Rainy,Cold,False,False,False,4,2,1,1
2022-04-11,Spring,Cloudy,Warm,False,True,False,4,2,5,4
2022-04-12,Spring,Sunny,Normal,False,False,False,3,3,2,1
2022-04-13,Spring,Rainy,Warm,False,False,False,1,1,1,2
2022-04-14,Spring,Sunny,Warm,False,False,False,4,2,4,4
2022-04-15,Spring,Cloudy,Normal,False,False,False,2,3,3,3
2022-04-16,Spring,Sunny,Normal,False,False,False,4,3,3,4
2022-04-17,Spring,Rainy,Normal,False,False,False,1,2,2,3
2022-04-18,Spring,Cloudy,Normal,False,False,False,4,2,2,1
2022-04-19,Spring,Sunny,Normal,False,True,False,5,4,6,5
2022-04-20,Spring,Sunny,Cold,False,False,False,4,1,1,1
2022-04-21,Spring,Sunny,Normal,False,False,False,2,3,2,2
2022-04-22,Spring,Rainy,Warm,False,False,False,2,2,1,1
2022-04-23,Spring,Cloudy,Cold,False,False,False,3,1,1,3
2022-04-24,Spring,Sunny,Warm,False,False,False,2,2,2,3
2022-04-25,Spring,Rainy,Normal,False,True,False,6,1,3,4
2022-04-26,Spring,Cloudy,Normal,False,False,False,3,2,3,3
2022-04-27,Spring,Rainy,Normal,False,False,False,3,2,1,3
2022-04-28,Spring,Rainy,Normal,False,False,False,4,1,3,1
2022-04-29,Spring,Cloudy,Warm,False,False,False,5,2,3,1
2022-04-30,Spring,Rainy,Normal,False,False,False,2,1,1,3
2022-05-01,Spring,Cloudy,Warm,False,False,False,4,2,3,1
2022-05-02,Spring,Sunny,Normal,False,False,False,4,3,3,2
2022-05-03,Spring,Cloudy,Normal,False,True,False,5,5,6,5
2022-05-04,Spring,Cloudy,Cold,False,False,False,4,2,1,3
2022-05-05,Spring,Sunny,Normal,False,True,False,7,4,7,3
2022-05-06,Spring,Cloudy,Warm,True,False,False,7,4,6,2
2022-05-07,Spring,Sunny,Normal,False,True,False,6,3,7,6
2022-05-08,Spring,Rainy,Normal,False,True,False,5,1,5,1
2022-05-09,Spring,Rainy,Normal,False,False,False,3,1,1,3
2022-05-10,Spring,Rainy,Normal,False,False,False,1,2,1,3
2022-05-11,Spring,Sunny,Warm,False,True,False,4,5,6,7
2022-05-12,Spring,Sunny,Normal,False,False,False,4,3,2,2
2022-05-13,Spring,Cloudy,Cold,False,False,False,3,2,1,1
2022-05-14,Spring,Rainy,Normal,False,False,False,2,1,1,2
2022-05-15,Spring,Rainy,Warm,False,False,False,3,2,2,1
2022-05-16,Spring,Cloudy,Warm,False,False,False,2,2,4,1
2022-05-17,Spring,Sunny,Warm,False,True,False,5,2,7,5
2022-05-18,Spring,Sunny,Cold,False,False,False,4,1,2,1
2022-05-19,Spring,Rainy,Normal,False,False,False,2,1,2,1
2022-05-20,Spring,Cloudy,Normal,False,False,False,2,3,3,4
2022-05-21,Spring,Cloudy,Normal,False,False,False,5,1,4,4
2022-05-22,Spring,Sunny,Normal,False,False,False,5,3,2,4
2022-05-23,Spring,Rainy,Normal,False,False,False,1,1,2,1
2022-05-24,Spring,Cloudy,Warm,False,False,False,4,1,4,2
2022-05-25,Spring,Cloudy,Warm,False,False,False,5,2,4,3
2022-05-26,Spring,Cloudy,Normal,False,False,False,3,2,3,4
2022-05-27,Spring,Cloudy,Warm,False,False,False,2,2,2,1
2022-05-28,Spring,Cloudy,Normal,False,True,False,4,5,5,3
2022-05-29,Spring,Rainy,Cold,False,False,False,1,2,1,1
2022-05-30,Spring,Sunny,Normal,False,True,False,7,4,7,5
2022-05-31,Spring,Rainy,Normal,False,True,False,3,4,3,5
2022-06-01,Spring,Sunny,Normal,False,True,False,7,3,6,5
2022-06-02,Spring,Cloudy,Normal,False,False,False,4,2,4,1
2022-06-03,Spring,Cloudy,Normal,False,False,False,5,3,2,1
2022-06-04,Spring,Rainy,Cold,False,False,False,1,1,1,1
2022-06-05,Spring,Sunny,Normal,False,False,False,4,1,2,4
2022-06-06,Spring,Sunny,Cold,False,False,False,2,1,1,1
2022-06-07,Spring,Cloudy,Normal,False,False,False,5,1,3,1
2022-06-08,Spring,Sunny,Warm,False,False,False,2,1,3,1
2022-06-09,Spring,Cloudy,Cold,False,True,False,6,2,3,3
2022-06-10,Spring,Cloudy,Warm,False,False,False,4,2,4,2
2022-06-11,Spring,Rainy,Normal,False,False,False,2,1,3,3
2022-06-12,Spring,Rainy,Normal,False,False,False,2,1,3,3
2022-06-13,Spring,Sunny,Normal,False,False,False,3,1,4,4
2022-06-14,Spring,Rainy,Normal,False,True,False,7,3,6,4
2022-06-15,Spring,Sunny,Normal,False,True,False,7,3,8,6
2022-06-16,Spring,Sunny,Normal,False,False,False,2,3,2,4
2022-06-17,Spring,Sunny,Warm,False,False,False,3,3,2,3
2022-06-18,Spring,Cloudy,Cold,False,False,False,2,2,3,1
2022-06-19,Spring,Sunny,Cold,False,False,False,3,1,1,2
2022-06-20,Summer,Sunny,Hot,False,False,False,8,4,7,6
2022-06-21,Summer,Rainy,Warm,False,True,False,3,4,4,4
2022-06-22,Summer,Sunny,Warm,False,False,False,7,4,7,5
2022-06-23,Summer,Sunny,Hot,False,False,False,6,6,6,6
2022-06-24,Summer,Sunny,Warm,False,False,False,6,3,6,4
2022-06-25,Summer,Sunny,Hot,False,False,False,6,2,9,3
2022-06-26,Summer,Rainy,Warm,False,False,False,3,2,3,3
2022-06-27,Summer,Sunny,Warm,False,True,False,6,6,13,9
2022-06-28,Summer,Cloudy,Warm,False,False,False,4,3,2,1
2022-06-29,Summer,Sunny,Hot,False,False,False,5,4,5,6
2022-06-30,Summer,Rainy,Normal,False,False,False,1,1,1,1
2022-07-01,Summer,Cloudy,Normal,False,False,True,9,7,11,6
2022-07-02,Summer,Rainy,Warm,False,True,False,5,2,6,4
2022-07-03,Summer,Sunny,Warm,False,False,False,7,6,5,5
2022-07-04,Summer,Rainy,Warm,False,False,False,2,1,1,1
2022-07-05,Summer,Sunny,Warm,False,False,False,4,6,7,6
2022-07-06,Summer,Cloudy,Warm,False,False,False,4,2,2,1
2022-07-07,Summer,Cloudy,Warm,False,True,False,6,5,6,4
2022-07-08,Summer,Sunny,Warm,False,False,False,5,5,6,5
2022-07-09,Summer,Rainy,Warm,False,False,False,1,1,1,1
2022-07-10,Summer,Sunny,Normal,False,False,False,3,2,4,4
2022-07-11,Summer,Cloudy,Warm,False,False,False,3,3,3,1
2022-07-12,Summer,Sunny,Warm,False,False,False,6,3,8,4
2022-07-13,Summer,Sunny,Warm,False,False,False,8,3,9,5
2022-07-14,Summer,Rainy,Warm,False,False,False,1,1,1,1
2022-07-15,Summer,Sunny,Warm,False,False,False,8,6,6,5
2022-07-16,Summer,Sunny,Warm,False,False,False,6,4,6,4
2022-07-17,Summer,Rainy,Warm,False,False,False,3,2,1,2
2022-07-18,Summer,Rainy,Warm,False,False,False,2,1,2,1
2022-07-19,Summer,Sunny,Warm,False,False,False,6,3,6,5
2022-07-20,Summer,Sunny,Warm,False,False,False,5,4,6,7
2022-07-21,Summer,Cloudy,Cold,False,False,False,2,2,3,2
2022-07-22,Summer,Rainy,Warm,False,False,False,3,2,3,2
2022-07-23,Summer,Cloudy,Warm,False,False,False,5,1,4,2
2022-07-24,Summer,Cloudy,Warm,False,False,False,3,1,2,2
2022-07-25,Summer,Rainy,Normal,False,False,False,4,2,1,1
2022-07-26,Summer,Sunny,Warm,False,True,False,8,4,6,8
2022-07-27,Summer,Cloudy,Warm,False,True,False,7,2,5,4
2022-07-28,Summer,Sunny,Warm,False,False,False,9,6,4,5
2022-07-29,Summer,Cloudy,Warm,False,False,False,4,1,2,3
2022-07-30,Summer,Sunny,Warm,False,False,False,7,5,9,7
2022-07-31,Summer,Sunny,Warm,False,False,False,6,6,5,6
2022-08-01,Summer,Sunny,Warm,False,False,False,5,3,6,7
2022-08-02,Summer,Sunny,Warm,False,False,False,7,3,7,5
2022-08-03,Summer,Cloudy,Warm,False,False,False,3,2,3,4
2022-08-04,Summer,Rainy,Warm,False,False,False,3,2,1,1
2022-08-05,Summer,Sunny,Hot,False,True,False,10,8,10,10
2022-08-06,Summer,Rainy,Warm,False,False,False,2,1,1,3
2022-08-07,Summer,Sunny,Warm,False,False,False,4,3,6,5
2022-08-08,Summer,Rainy,Normal,False,False,False,2,1,1,3
2022-08-09,Summer,Sunny,Normal,False,False,False,4,2,2,2
2022-08-10,Summer,Sunny,Warm,False,True,False,9,4,11,8
2022-08-11,Summer,Sunny,Warm,False,False,False,4,2,4,7
2022-08-12,Summer,Sunny,Warm,False,False,False,4,6,6,6
2022-08-13,Summer,Sunny,Warm,False,False,False,4,4,8,3
2022-08-14,Summer,Rainy,Hot,False,False,False,1,2,1,3
2022-08-15,Summer,Sunny,Warm,False,False,False,8,3,7,6
2022-08-16,Summer,Sunny,Warm,False,False,False,5,2,6,6
2022-08-17,Summer,Cloudy,Normal,False,False,False,4,1,2,1
2022-08-18,Summer,Cloudy,Warm,False,False,False,2,3,2,3
2022-08-19,Summer,Sunny,Hot,False,False,False,5,4,4,4
2022-08-20,Summer,Cloudy,Warm,False,False,False,5,2,2,1
2022-08-21,Summer,Sunny,Warm,False,False,False,6,2,4,6
2022-08-22,Summer,Sunny,Warm,False,False,False,5,5,5,3
2022-08-23,Summer,Sunny,Warm,False,False,False,5,2,4,7
2022-08-24,Summer,Rainy,Warm,False,False,False,4,1,1,3
2022-08-25,Summer,Sunny,Warm,False,False,False,8,5,7,7
2022-08-26,Summer,Sunny,Normal,False,False,False,3,3,2,2
2022-08-27,Summer,Sunny,Warm,False,False,False,9,5,4,5
2022-08-28,Summer,Cloudy,Warm,False,False,False,3,2,3,4
2022-08-29,Summer,Sunny,Warm,False,False,False,6,5,9,6
2022-08-30,Summer,Sunny,Hot,False,False,False,8,4,6,8
2022-08-31,Summer,Sunny,Normal,False,False,False,2,2,3,3
2022-09-01,Summer,Sunny,Warm,False,False,False,5,6,6,8
2022-09-02,Summer,Sunny,Warm,False,False,False,8,3,9,4
2022-09-03,Summer,Sunny,Warm,False,False,False,8,2,6,3
2022-09-04,Summer,Cloudy,Warm,False,False,False,5,1,3,4
2022-09-05,Summer,Rainy,Normal,False,False,False,1,1,2,2
2022-09-06,Summer,Rainy,Normal,False,True,False,3,4,6,4
2022-09-07,Summer,Sunny,Warm,False,False,False,6,2,5,5
2022-09-08,Summer,Cloudy,Warm,False,False,False,5,3,2,4
2022-09-09,Summer,Sunny,Warm,False,False,False,8,2,7,5
2022-09-10,Summer,Sunny,Warm,False,False,False,7,4,4,8
2022-09-11,Summer,Rainy,Normal,False,False,False,3,2,2,1
2022-09-12,Summer,Sunny,Warm,False,False,False,4,4,8,7
2022-09-13,Summer,Rainy,Warm,False,False,False,2,1,3,2
2022-09-14,Summer,Cloudy,Warm,False,False,False,5,3,3,4
2022-09-15,Summer,Sunny,Warm,False,False,False,6,2,5,7
2022-09-16,Summer,Sunny,Warm,False,False,False,5,5,7,7
2022-09-17,Summer,Cloudy,Warm,False,False,False,2,3,3,1
2022-09-18,Summer,Sunny,Warm,False,False,False,7,3,8,6
2022-09-19,Summer,Rainy,Warm,False,False,False,1,2,1,3
2022-09-20,Autumn,Cloudy,Cold,False,False,False,1,1,3,2
2022-09-21,Autumn,Rainy,Cold,False,False,False,4,2,1,3
2022-09-22,Autumn,Rainy,Normal,False,False,False,4,1,1,2
2022-09-23,Autumn,Sunny,Normal,False,False,False,4,3,3,4
2022-09-24,Autumn,Cloudy,Cold,False,False,False,2,1,3,1
2022-09-25,Autumn,Rainy,Normal,False,False,False,1,1,1,3
2022-09-26,Autumn,Rainy,Warm,False,False,False,3,1,1,1
2022-09-27,Autumn,Rainy,Normal,False,False,False,3,2,3,3
2022-09-28,Autumn,Rainy,Warm,False,False,False,4,2,1,3
2022-09-29,Autumn,Sunny,Cold,False,True,False,7,2,4,4
2022-09-30,Autumn,Rainy,Normal,False,False,False,1,2,2,2
2022-10-01,Autumn,Sunny,Cold,False,False,False,1,2,1,3
2022-10-02,Autumn,Rainy,Cold,False,False,False,1,1,2,3
2022-10-03,Autumn,Cloudy,Normal,False,False,False,5,2,4,4
2022-10-04,Autumn,Rainy,Normal,False,True,False,4,1,6,3
2022-10-05,Autumn,Rainy,Cold,False,False,False,1,2,2,1
2022-10-06,Autumn,Cloudy,Cold,False,True,False,5,2,4,4
2022-10-07,Autumn,Rainy,Normal,False,False,False,4,2,1,2
2022-10-08,Autumn,Rainy,Normal,False,False,False,1,1,2,2
2022-10-09,Autumn,Cloudy,Normal,False,False,False,3,2,3,3
2022-10-10,Autumn,Sunny,Cold,False,False,True,9,4,13,11
2022-10-11,Autumn,Rainy,Cold,False,False,False,4,1,3,3
2022-10-12,Autumn,Sunny,Cold,False,False,False,3,1,2,3
2022-10-13,Autumn,Rainy,Normal,False,False,False,1,1,1,1
2022-10-14,Autumn,Sunny,Cold,False,True,False,5,4,7,2
2022-10-15,Autumn,Rainy,Normal,False,False,False,3,1,2,1
2022-10-16,Autumn,Cloudy,Normal,False,False,False,2,3,4,2
2022-10-17,Autumn,Rainy,Cold,False,False,False,3,1,1,1
2022-10-18,Autumn,Rainy,Normal,False,False,False,2,2,3,3
2022-10-19,Autumn,Rainy,Normal,False,False,False,1,2,1,1
2022-10-20,Autumn,Cloudy,Normal,False,False,False,4,2,3,1
2022-10-21,Autumn,Rainy,Normal,False,True,False,6,2,5,3
2022-10-22,Autumn,Cloudy,Cold,False,False,False,4,1,2,1
2022-10-23,Autumn,Cloudy,Normal,False,False,False,2,3,3,3
2022-10-24,Autumn,Sunny,Normal,False,False,False,2,3,4,1
2022-10-25,Autumn,Sunny,Cold,False,False,False,1,2,3,1
2022-10-26,Autumn,Cloudy,Normal,False,False,False,2,3,3,4
2022-10-27,Autumn,Cloudy,Normal,False,False,False,2,2,2,4
2022-10-28,Autumn,Rainy,Normal,False,False,False,2,1,2,2
2022-10-29,Autumn,Rainy,Normal,False,False,False,4,2,1,1
2022-10-30,Autumn,Cloudy,Cold,False,True,False,5,4,2,3
2022-10-31,Autumn,Sunny,Cold,False,False,False,3,1,2,1
2022-11-01,Autumn,Cloudy,Normal,False,True,False,5,3,8,6
2022-11-02,Autumn,Cloudy,Cold,False,False,False,1,1,1,3
2022-11-03,Autumn,Sunny,Cold,False,False,False,2,1,3,1
2022-11-04,Autumn,Rainy,Cold,False,True,False,5,4,4,4
2022-11-05,Autumn,Cloudy,Cold,False,True,False,2,2,6,3
2022-11-06,Autumn,Cloudy,Normal,False,False,False,5,2,3,3
2022-11-07,Autumn,Cloudy,Normal,False,False,False,5,1,4,3
2022-11-08,Autumn,Rainy,Normal,False,False,False,2,2,1,2
2022-11-09,Autumn,Cloudy,Normal,False,False,False,3,3,2,3
2022-11-10,Autumn,Cloudy,Cold,False,False,False,4,1,1,3
2022-11-11,Autumn,Sunny,Cold,False,False,False,3,1,3,1
2022-11-12,Autumn,Cloudy,Cold,False,False,False,1,1,1,1
2022-11-13,Autumn,Rainy,Normal,False,True,False,6,3,4,2
2022-11-14,Autumn,Cloudy,Cold,False,False,False,2,1,1,2
2022-11-15,Autumn,Cloudy,Normal,False,False,False,5,1,3,3
2022-11-16,Autumn,Cloudy,Normal,False,False,False,5,2,4,2
2022-11-17,Autumn,Sunny,Normal,False,True,False,6,2,5,6
2022-11-18,Autumn,Sunny,Normal,False,False,False,2,2,4,2
2022-11-19,Autumn,Sunny,Normal,False,False,False,5,3,4,2
2022-11-20,Autumn,Sunny,Normal,False,False,False,2,2,4,2
2022-11-21,Autumn,Rainy,Normal,False,False,False,1,1,1,1
2022-11-22,Autumn,Rainy,Normal,False,False,False,2,2,1,2
2022-11-23,Autumn,Cloudy,Cold,False,False,False,1,1,3,1
2022-11-24,Autumn,Cloudy,Cold,False,True,False,5,2,3,4
2022-11-25,Autumn,Rainy,Normal,False,False,False,3,1,2,3
2022-11-26,Autumn,Rainy,Warm,False,False,False,3,1,1,3
2022-11-27,Autumn,Rainy,Normal,False,False,False,3,1,3,3
2022-11-28,Autumn,Cloudy,Normal,True,False,False,6,4,4,2
2022-11-29,Autumn,Cloudy,Normal,False,False,False,4,1,4,4
2022-11-30,Autumn,Cloudy,Cold,False,False,False,2,2,1,1
2022-12-01,Autumn,Cloudy,Cold,False,False,False,1,2,1,2
2022-12-02,Autumn,Sunny,Normal,False,False,False,2,2,2,1
2022-12-03,Autumn,Rainy,Cold,False,False,False,1,2,3,3
2022-12-04,Autumn,Cloudy,Cold,False,False,False,2,1,1,2
2022-12-05,Autumn,Cloudy,Normal,False,False,False,5,1,4,3
2022-12-06,Autumn,Cloudy,Warm,False,False,False,3,3,2,2
2022-12-07,Autumn,Cloudy,Normal,False,False,False,3,2,3,4
2022-12-08,Autumn,Cloudy,Cold,False,False,False,3,1,3,2
2022-12-09,Autumn,Rainy,Normal,True,True,False,8,3,5,6
2022-12-10,Autumn,Sunny,Normal,False,False,False,4,1,2,3
2022-12-11,Autumn,Cloudy,Normal,False,False,False,5,3,3,1
2022-12-12,Autumn,Rainy,Cold,False,False,False,1,1,1,1
2022-12-13,Autumn,Sunny,Cold,False,False,False,1,1,1,3
2022-12-14,Autumn,Sunny,Warm,False,False,False,2,2,2,4
2022-12-15,Autumn,Rainy,Normal,False,False,False,1,1,1,1
2022-12-16,Autumn,Sunny,Cold,False,False,False,1,2,2,3
2022-12-17,Autumn,Rainy,Cold,False,False,False,3,1,2,2
2022-12-18,Autumn,Rainy,Cold,False,False,False,3,1,1,1
2022-12-19,Autumn,Sunny,Normal,False,False,False,2,3,3,3
2022-12-20,Winter,Cloudy,Cold,False,False,False,3,2,2,1
2022-12-21,Winter,Cloudy,Cold,False,False,False,3,1,3,1
2022-12-22,Winter,Rainy,Cold,False,False,False,2,2,3,2
2022-12-23,Winter,Sunny,Cold,False,False,False,2,2,2,3
2022-12-24,Winter,Sunny,Cold,False,False,False,1,1,1,1
2022-12-25,Winter,Cloudy,Cold,False,False,True,11,4,9,6
2022-12-26,Winter,Sunny,Cold,False,False,False,1,1,1,1
2022-12-27,Winter,Sunny,Cold,False,False,False,4,1,1,3
2022-12-28,Winter,Sunny,Cold,False,True,False,6,3,4,2
2022-12-29,Winter,Cloudy,Cold,False,False,False,1,1,1,2
2022-12-30,Winter,Snowy,Cold,True,False,False,4,2,5,2
2022-12-31,Winter,Rainy,Cold,False,False,False,2,1,1,2
2023-01-01,Winter,Rainy,Cold,False,False,True,11,8,11,9
2023-01-02,Winter,Snowy,Very cold,False,False,False,1,2,1,2
2023-01-03,Winter,Rainy,Cold,False,True,False,5,1,4,3
2023-01-04,Winter,Sunny,Cold,False,False,False,3,2,3,2
2023-01-05,Winter,Cloudy,Cold,False,False,False,4,1,1,3
2023-01-06,Winter,Sunny,Cold,False,False,False,1,1,2,2
2023-01-07,Winter,Snowy,Very cold,False,False,False,1,1,3,3
2023-01-08,Winter,Rainy,Cold,False,False,False,2,1,1,1
2023-01-09,Winter,Cloudy,Cold,False,False,False,2,1,1,1
2023-01-10,Winter,Rainy,Cold,False,False,False,1,1,2,2
2023-01-11,Winter,Rainy,Cold,False,False,False,2,2,2,1
2023-01-12,Winter,Cloudy,Cold,False,False,False,1,2,2,2
2023-01-13,Winter,Cloudy,Cold,False,False,False,2,1,2,1
2023-01-14,Winter,Rainy,Cold,False,True,False,4,3,5,2
2023-01-15,Winter,Rainy,Cold,False,False,False,3,1,3,1
2023-01-16,Winter,Cloudy,Cold,False,True,False,3,4,2,4
2023-01-17,Winter,Cloudy,Cold,False,False,False,1,1,3,2
2023-01-18,Winter,Cloudy,Cold,False,False,False,4,1,1,1
2023-01-19,Winter,Sunny,Cold,False,True,False,4,4,2,4
2023-01-20,Winter,Rainy,Cold,False,False,False,2,2,1,1
2023-01-21,Winter,Cloudy,Very cold,False,False,False,4,2,2,2
2023-01-22,Winter,Rainy,Cold,False,False,False,1,2,2,1
2023-01-23,Winter,Sunny,Cold,False,False,False,4,1,2,1
2023-01-24,Winter,Rainy,Cold,False,False,False,1,2,3,2
2023-01-25,Winter,Cloudy,Cold,False,True,False,5,2,3,3
2023-01-26,Winter,Snowy,Cold,False,False,False,3,2,2,3
2023-01-27,Winter,Sunny,Cold,False,False,False,2,1,1,2
2023-01-28,Winter,Rainy,Cold,False,False,False,2,1,3,2
2023-01-29,Winter,Snowy,Cold,False,False,False,4,1,1,1
2023-01-30,Winter,Rainy,Cold,False,True,False,4,4,4,2
2023-01-31,Winter,Snowy,Cold,False,False,False,2,1,2,3
2023-02-01,Winter,Cloudy,Cold,False,False,False,1,1,3,1
2023-02-02,Winter,Rainy,Normal,False,False,False,2,1,1,3
2023-02-03,Winter,Cloudy,Cold,False,False,False,3,2,1,1
2023-02-04,Winter,Rainy,Cold,False,True,False,5,2,5,5
2023-02-05,Winter,Rainy,Cold,False,True,False,3,3,4,3
2023-02-06,Winter,Rainy,Cold,False,False,False,3,2,2,3
2023-02-07,Winter,Cloudy,Cold,False,False,False,1,2,2,2
2023-02-08,Winter,Sunny,Cold,False,False,False,3,1,2,3
2023-02-09,Winter,Rainy,Cold,False,False,False,4,1,3,1
2023-02-10,Winter,Rainy,Cold,False,False,False,3,2,2,1
2023-02-11,Winter,Rainy,Cold,False,False,False,2,1,3,1
2023-02-12,Winter,Rainy,Cold,False,False,False,3,1,1,1
2023-02-13,Winter,Sunny,Cold,False,True,False,2,4,6,5
2023-02-14,Winter,Cloudy,Very cold,False,True,False,5,4,3,3
2023-02-15,Winter,Sunny,Cold,False,False,False,1,1,2,2
2023-02-16,Winter,Cloudy,Cold,False,False,False,2,1,1,1
2023-02-17,Winter,Cloudy,Cold,False,False,False,2,2,1,1
2023-02-18,Winter,Rainy,Cold,False,False,False,1,2,2,2
2023-02-19,Winter,Rainy,Cold,False,False,False,1,1,1,1
2023-02-20,Winter,Rainy,Cold,False,False,False,1,1,1,1
2023-02-21,Winter,Snowy,Cold,False,True,False,6,2,6,3
2023-02-22,Winter,Snowy,Very cold,False,False,False,3,2,1,2
2023-02-23,Winter,Snowy,Cold,False,False,False,3,2,1,1
2023-02-24,Winter,Snowy,Cold,False,False,False,3,2,1,1
2023-02-25,Winter,Rainy,Normal,False,False,False,4,1,2,2
2023-02-26,Winter,Sunny,Cold,False,True,False,4,2,3,4
2023-02-27,Winter,Sunny,Cold,True,False,False,5,2,3,3
2023-02-28,Winter,Cloudy,Cold,False,False,False,1,1,2,3
2023-03-01,Winter,Rainy,Cold,False,False,False,1,2,2,1
2023-03-02,Winter,Sunny,Cold,False,False,False,1,2,1,2
2023-03-03,Winter,Rainy,Cold,False,False,False,2,1,1,2
2023-03-04,Winter,Rainy,Cold,False,False,False,1,1,2,3
2023-03-05,Winter,Cloudy,Cold,False,False,False,1,1,1,2
2023-03-06,Winter,Sunny,Cold,False,False,False,1,2,2,1
2023-03-07,Winter,Sunny,Cold,False,False,False,1,1,1,1
2023-03-08,Winter,Snowy,Very cold,False,False,False,3,1,1,1
2023-03-09,Winter,Snowy,Cold,False,False,False,1,2,1,1
2023-03-10,Winter,Snowy,Cold,False,False,False,2,2,1,1
2023-03-11,Winter,Sunny,Cold,False,False,False,4,1,2,1
2023-03-12,Winter,Cloudy,Cold,False,True,False,6,3,5,5
2023-03-13,Winter,Rainy,Cold,False,False,False,1,1,1,1
2023-03-14,Winter,Cloudy,Very cold,False,False,False,2,2,1,2
2023-03-15,Winter,Rainy,Cold,False,False,False,4,1,3,1
2023-03-16,Winter,Rainy,Cold,False,False,False,1,1,1,1
2023-03-17,Winter,Cloudy,Very cold,True,True,False,6,4,6,4
2023-03-18,Winter,Cloudy,Normal,False,False,False,5,3,2,2
2023-03-19,Winter,Cloudy,Cold,False,False,False,2,1,1,2
2023-03-20,Spring,Rainy,Normal,False,False,False,2,1,1,2
2023-03-21,Spring,Sunny,Normal,False,False,False,3,3,3,1
2023-03-22,Spring,Rainy,Cold,False,False,False,3,1,2,1
2023-03-23,Spring,Cloudy,Cold,False,False,False,4,1,2,1
2023-03-24,Spring,Cloudy,Warm,False,False,False,2,2,4,4
2023-03-25,Spring,Cloudy,Cold,False,True,False,5,2,4,4
2023-03-26,Spring,Cloudy,Normal,False,False,False,3,2,2,2
2023-03-27,Spring,Cloudy,Normal,False,False,False,5,1,4,2
2023-03-28,Spring,Cloudy,Warm,False,False,False,2,3,3,2
2023-03-29,Spring,Cloudy,Normal,False,False,False,4,2,4,2
2023-03-30,Spring,Cloudy,Warm,False,False,False,4,1,4,1
2023-03-31,Spring,Cloudy,Normal,False,True,False,7,4,7,6
2023-04-01,Spring,Rainy,Normal,False,True,False,7,2,4,5
2023-04-02,Spring,Cloudy,Normal,False,False,False,4,3,4,1
2023-04-03,Spring,Sunny,Normal,False,False,False,4,3,2,2
2023-04-04,Spring,Sunny,Cold,False,False,False,1,2,2,1
2023-04-05,Spring,Sunny,Warm,False,False,False,5,2,2,1
2023-04-06,Spring,Rainy,Normal,False,False,False,1,2,3,1
2023-04-07,Spring,Cloudy,Cold,False,False,False,1,2,1,1
2023-04-08,Spring,Cloudy,Normal,False,False,False,4,2,2,3
2023-04-09,Spring,Sunny,Normal,False,True,False,5,2,6,4
2023-04-10,Spring,Cloudy,Normal,False,False,False,5,3,3,1
2023-04-11,Spring,Cloudy,Warm,False,False,False,3,2,2,1
2023-04-12,Spring,Cloudy,Cold,False,False,False,2,1,3,1
2023-04-13,Spring,Cloudy,Cold,False,False,False,3,2,2,1
2023-04-14,Spring,Cloudy,Normal,False,False,False,3,2,4,2
2023-04-15,Spring,Rainy,Warm,False,False,False,1,1,2,2
2023-04-16,Spring,Sunny,Warm,False,False,False,2,1,4,3
2023-04-17,Spring,Rainy,Normal,False,False,False,3,1,1,2
2023-04-18,Spring,Rainy,Normal,False,False,False,1,1,2,2
2023-04-19,Spring,Cloudy,Warm,False,False,False,4,2,3,3
2023-04-20,Spring,Sunny,Normal,False,False,False,3,2,4,4
2023-04-21,Spring,Rainy,Normal,False,False,False,1,2,1,2
2023-04-22,Spring,Cloudy,Normal,False,False,False,3,3,4,2
2023-04-23,Spring,Sunny,Normal,False,False,False,3,2,2,1
2023-04-24,Spring,Cloudy,Cold,False,False,False,1,2,1,1
2023-04-25,Spring,Cloudy,Normal,False,False,False,3,2,2,4
2023-04-26,Spring,Cloudy,Normal,False,False,False,2,1,3,3
2023-04-27,Spring,Cloudy,Normal,False,False,False,2,1,4,1
2023-04-28,Spring,Cloudy,Cold,False,True,False,6,1,3,4
2023-04-29,Spring,Sunny,Cold,False,False,False,4,1,2,1
2023-04-30,Spring,Rainy,Normal,False,False,False,2,1,2,1
2023-05-01,Spring,Sunny,Normal,False,False,False,3,1,2,3
2023-05-02,Spring,Sunny,Warm,False,False,False,5,1,4,1
2023-05-03,Spring,Rainy,Normal,False,False,False,1,2,3,3
2023-05-04,Spring,Cloudy,Normal,False,False,False,5,2,3,3
2023-05-05,Spring,Cloudy,Warm,False,False,False,2,3,3,2
2023-05-06,Spring,Sunny,Warm,False,False,False,3,2,2,4
2023-05-07,Spring,Rainy,Normal,False,False,False,1,2,1,1
2023-05-08,Spring,Sunny,Normal,False,False,False,3,3,4,1
2023-05-09,Spring,Rainy,Warm,False,False,False,3,2,2,1
2023-05-10,Spring,Sunny,Cold,False,False,False,4,2,1,2
2023-05-11,Spring,Sunny,Warm,False,False,False,4,2,2,1
2023-05-12,Spring,Rainy,Normal,False,False,False,3,2,2,1
2023-05-13,Spring,Sunny,Normal,False,False,False,5,2,4,4
2023-05-14,Spring,Sunny,Normal,False,False,False,4,3,4,3
2023-05-15,Spring,Sunny,Cold,False,False,False,2,2,2,2
2023-05-16,Spring,Sunny,Normal,False,True,False,6,5,4,5
2023-05-17,Spring,Cloudy,Normal,False,False,False,5,1,4,4
2023-05-18,Spring,Rainy,Normal,False,False,False,4,1,1,1
2023-05-19,Spring,Sunny,Normal,False,False,False,4,2,4,3
2023-05-20,Spring,Rainy,Warm,False,False,False,2,1,2,3
2023-05-21,Spring,Rainy,Normal,False,False,False,1,1,2,2
2023-05-22,Spring,Rainy,Warm,False,False,False,3,1,1,1
2023-05-23,Spring,Rainy,Normal,False,False,False,2,1,3,3
2023-05-24,Spring,Sunny,Normal,False,False,False,3,1,4,4
2023-05-25,Spring,Sunny,Normal,False,False,False,2,1,4,1
2023-05-26,Spring,Cloudy,Cold,False,False,False,1,1,1,1
2023-05-27,Spring,Sunny,Normal,False,True,False,4,4,6,5
2023-05-28,Spring,Rainy,Normal,False,False,False,1,2,1,2
2023-05-29,Spring,Cloudy,Normal,False,False,False,4,2,3,2
2023-05-30,Spring,Rainy,Normal,False,False,False,2,1,3,3
2023-05-31,Spring,Sunny,Normal,False,False,False,5,2,4,4
2023-06-01,Spring,Rainy,Normal,False,True,False,6,2,4,3
2023-06-02,Spring,Sunny,Normal,False,False,False,3,3,3,2
2023-06-03,Spring,Sunny,Warm,False,False,False,3,1,4,1
2023-06-04,Spring,Sunny,Warm,False,False,False,3,3,4,1
2023-06-05,Spring,Rainy,Normal,False,False,False,4,1,2,1
2023-06-06,Spring,Cloudy,Normal,False,True,False,7,5,6,4
2023-06-07,Spring,Rainy,Normal,False,True,False,5,1,3,3
2023-06-08,Spring,Rainy,Normal,False,False,False,3,2,1,2
2023-06-09,Spring,Cloudy,Warm,False,True,False,7,3,8,7
2023-06-10,Spring,Sunny,Normal,False,True,False,5,3,7,3
2023-06-11,Spring,Rainy,Normal,False,False,False,2,1,1,3
2023-06-12,Spring,Cloudy,Cold,False,False,False,3,1,1,3
2023-06-13,Spring,Rainy,Warm,False,False,False,2,2,3,1
2023-06-14,Spring,Rainy,Normal,False,False,False,3,2,2,3
2023-06-15,Spring,Sunny,Cold,False,False,False,2,1,1,1
2023-06-16,Spring,Rainy,Normal,False,True,False,4,3,6,4
2023-06-17,Spring,Sunny,Warm,False,False,False,3,2,2,1
2023-06-18,Spring,Sunny,Normal,False,False,False,5,3,2,2
2023-06-19,Spring,Sunny,Normal,False,False,False,5,3,2,4
2023-06-20,Summer,Rainy,Warm,False,False,False,1,1,3,2
2023-06-21,Summer,Sunny,Warm,False,False,False,5,5,9,6
2023-06-22,Summer,Sunny,Warm,False,False,False,4,2,6,4
2023-06-23,Summer,Sunny,Warm,False,False,False,7,3,8,5
2023-06-24,Summer,Rainy,Warm,False,False,False,3,2,2,3
2023-06-25,Summer,Sunny,Warm,False,False,False,9,5,7,5
2023-06-26,Summer,Sunny,Hot,False,False,False,5,5,8,6
2023-06-27,Summer,Sunny,Warm,False,True,False,10,7,10,8
2023-06-28,Summer,Sunny,Warm,False,True,False,11,6,10,7
2023-06-29,Summer,Sunny,Normal,False,False,False,4,1,2,2
2023-06-30,Summer,Rainy,Warm,False,False,False,2,1,3,1
2023-07-01,Summer,Cloudy,Warm,False,False,True,10,8,13,7
2023-07-02,Summer,Sunny,Warm,False,False,False,6,3,8,7
2023-07-03,Summer,Sunny,Warm,False,True,False,10,6,7,7
2023-07-04,Summer,Sunny,Warm,False,False,False,7,3,7,5
2023-07-05,Summer,Sunny,Warm,False,False,False,6,3,6,6
2023-07-06,Summer,Rainy,Warm,False,False,False,2,1,2,3
2023-07-07,Summer,Sunny,Warm,False,False,False,5,3,4,6
2023-07-08,Summer,Cloudy,Normal,False,False,False,3,2,2,3
2023-07-09,Summer,Sunny,Warm,False,False,False,8,3,7,5
2023-07-10,Summer,Sunny,Warm,True,False,False,7,4,7,9
2023-07-11,Summer,Rainy,Warm,False,False,False,1,2,2,1
2023-07-12,Summer,Sunny,Warm,False,False,False,7,6,5,7
2023-07-13,Summer,Sunny,Warm,False,False,False,7,4,7,6
2023-07-14,Summer,Cloudy,Warm,False,False,False,5,3,3,1
2023-07-15,Summer,Cloudy,Warm,False,False,False,3,1,4,3
2023-07-16,Summer,Sunny,Warm,False,False,False,7,5,8,7
2023-07-17,Summer,Sunny,Warm,False,False,False,4,3,4,6
2023-07-18,Summer,Sunny,Warm,False,False,False,8,6,4,3
2023-07-19,Summer,Sunny,Warm,False,False,False,6,4,5,7
2023-07-20,Summer,Rainy,Normal,False,False,False,3,2,2,1
2023-07-21,Summer,Cloudy,Warm,False,True,False,6,5,4,2
2023-07-22,Summer,Sunny,Normal,False,False,False,2,3,4,1
2023-07-23,Summer,Cloudy,Normal,False,False,False,3,2,3,4
2023-07-24,Summer,Cloudy,Warm,False,False,False,3,3,4,2
2023-07-25,Summer,Sunny,Normal,False,False,False,2,3,2,3
2023-07-26,Summer,Rainy,Normal,False,False,False,1,1,1,1
2023-07-27,Summer,Sunny,Warm,False,False,False,7,4,6,6
2023-07-28,Summer,Rainy,Warm,False,True,False,4,4,6,5
2023-07-29,Summer,Cloudy,Warm,False,False,False,5,1,2,1
2023-07-30,Summer,Sunny,Warm,False,False,False,7,3,9,6
2023-07-31,Summer,Cloudy,Normal,False,False,False,4,2,3,1
2023-08-01,Summer,Sunny,Warm,False,False,False,6,4,6,3
2023-08-02,Summer,Cloudy,Normal,False,False,False,4,1,4,1
2023-08-03,Summer,Cloudy,Hot,False,False,False,4,3,3,3
2023-08-04,Summer,Cloudy,Normal,False,True,False,4,3,4,5
2023-08-05,Summer,Sunny,Warm,False,False,False,6,3,5,3
2023-08-06,Summer,Sunny,Warm,False,False,False,7,2,9,4
2023-08-07,Summer,Rainy,Warm,False,False,False,1,1,1,1
2023-08-08,Summer,Sunny,Warm,False,False,False,4,4,8,5
2023-08-09,Summer,Rainy,Warm,False,False,False,3,1,1,2
2023-08-10,Summer,Sunny,Warm,False,False,False,8,2,8,6
2023-08-11,Summer,Sunny,Warm,False,False,False,6,4,7,5
2023-08-12,Summer,Cloudy,Warm,False,False,False,2,1,2,2
2023-08-13,Summer,Cloudy,Warm,False,False,False,3,1,2,1
2023-08-14,Summer,Sunny,Hot,True,False,False,9,4,9,8
2023-08-15,Summer,Cloudy,Warm,False,False,False,5,1,2,4
2023-08-16,Summer,Sunny,Warm,False,False,False,8,6,6,3
2023-08-17,Summer,Cloudy,Warm,False,False,False,2,2,2,2
2023-08-18,Summer,Sunny,Warm,False,False,False,5,4,7,6
2023-08-19,Summer,Sunny,Hot,False,False,False,4,5,6,3
2023-08-20,Summer,Cloudy,Hot,False,False,False,2,3,3,3
2023-08-21,Summer,Sunny,Hot,False,False,False,8,5,9,8
2023-08-22,Summer,Sunny,Warm,False,False,False,7,4,7,4
2023-08-23,Summer,Sunny,Warm,False,True,False,8,4,9,9
2023-08-24,Summer,Sunny,Warm,False,False,False,7,6,6,7
2023-08-25,Summer,Cloudy,Warm,False,False,False,4,3,4,3
2023-08-26,Summer,Cloudy,Warm,False,False,False,5,3,2,3
2023-08-27,Summer,Rainy,Hot,False,False,False,1,1,2,1
2023-08-28,Summer,Cloudy,Warm,False,False,False,3,2,4,2
2023-08-29,Summer,Sunny,Warm,False,False,False,4,5,7,7
2023-08-30,Summer,Sunny,Warm,False,False,False,6,4,7,5
2023-08-31,Summer,Rainy,Warm,False,False,False,3,1,3,1
2023-09-01,Summer,Cloudy,Warm,True,False,False,4,2,4,5
2023-09-02,Summer,Cloudy,Warm,False,False,False,4,3,4,1
2023-09-03,Summer,Rainy,Warm,False,True,False,4,1,7,4
2023-09-04,Summer,Sunny,Hot,False,False,False,5,3,7,6
2023-09-05,Summer,Cloudy,Hot,False,False,False,3,3,4,2
2023-09-06,Summer,Sunny,Warm,False,False,False,6,5,7,5
2023-09-07,Summer,Sunny,Warm,False,False,False,6,4,4,5
2023-09-08,Summer,Rainy,Warm,False,False,False,2,2,3,1
2023-09-09,Summer,Sunny,Warm,False,False,False,7,6,8,5
2023-09-10,Summer,Sunny,Warm,False,False,False,5,2,7,8
2023-09-11,Summer,Sunny,Warm,False,False,False,7,4,9,3
2023-09-12,Summer,Sunny,Warm,False,True,False,7,6,10,6
2023-09-13,Summer,Sunny,Warm,False,True,False,9,7,9,7
2023-09-14,Summer,Sunny,Warm,False,False,False,8,3,5,4
2023-09-15,Summer,Sunny,Warm,False,False,False,6,3,7,7
2023-09-16,Summer,Sunny,Warm,False,True,False,9,4,6,8
2023-09-17,Summer,Rainy,Warm,False,False,False,3,1,1,1
2023-09-18,Summer,Cloudy,Warm,False,False,False,2,1,2,2
2023-09-19,Summer,Sunny,Warm,False,False,False,4,4,7,4
2023-09-20,Autumn,Sunny,Cold,False,False,False,3,2,3,3
2023-09-21,Autumn,Sunny,Cold,False,False,False,1,1,3,3
2023-09-22,Autumn,Cloudy,Normal,False,False,False,3,2,3,3
2023-09-23,Autumn,Rainy,Cold,False,False,False,1,2,1,2
2023-09-24,Autumn,Cloudy,Normal,False,False,False,5,1,2,2
2023-09-25,Autumn,Rainy,Cold,False,False,False,1,2,1,2
2023-09-26,Autumn,Cloudy,Cold,False,True,False,5,1,5,3
2023-09-27,Autumn,Rainy,Normal,False,False,False,3,1,2,3
2023-09-28,Autumn,Rainy,Normal,False,False,False,4,2,3,1
2023-09-29,Autumn,Cloudy,Normal,False,False,False,3,3,4,2
2023-09-30,Autumn,Rainy,Normal,False,False,False,3,2,3,2
2023-10-01,Autumn,Rainy,Cold,False,False,False,3,2,2,3
2023-10-02,Autumn,Cloudy,Normal,False,False,False,3,2,3,3
2023-10-03,Autumn,Cloudy,Cold,False,False,False,2,1,1,1
2023-10-04,Autumn,Rainy,Normal,False,False,False,3,1,1,1
2023-10-05,Autumn,Cloudy,Normal,False,False,False,2,2,4,1
2023-10-06,Autumn,Rainy,Cold,False,False,False,4,1,1,3
2023-10-07,Autumn,Cloudy,Cold,False,False,False,2,1,1,2
2023-10-08,Autumn,Cloudy,Cold,False,False,False,1,2,1,1
2023-10-09,Autumn,Sunny,Cold,False,False,True,11,6,10,8
2023-10-10,Autumn,Sunny,Cold,False,False,False,1,1,2,1
2023-10-11,Autumn,Sunny,Cold,False,False,False,2,1,2,1
2023-10-12,Autumn,Sunny,Normal,False,True,False,4,4,6,4
2023-10-13,Autumn,Rainy,Normal,False,False,False,2,1,2,3
2023-10-14,Autumn,Cloudy,Normal,False,False,False,2,2,4,3
2023-10-15,Autumn,Rainy,Normal,False,False,False,2,2,1,2
2023-10-16,Autumn,Cloudy,Normal,False,False,False,5,1,2,2
2023-10-17,Autumn,Sunny,Cold,False,False,False,2,1,1,2
2023-10-18,Autumn,Cloudy,Normal,False,False,False,3,2,2,2
2023-10-19,Autumn,Sunny,Cold,False,False,False,1,1,1,3
2023-10-20,Autumn,Rainy,Cold,False,False,False,2,1,1,3
2023-10-21,Autumn,Sunny,Normal,False,False,False,5,3,2,1
2023-10-22,Autumn,Rainy,Cold,False,True,False,6,2,4,3
2023-10-23,Autumn,Sunny,Cold,False,False,False,2,1,2,3
2023-10-24,Autumn,Rainy,Normal,False,True,False,6,3,5,3
2023-10-25,Autumn,Rainy,Cold,False,False,False,1,1,3,3
2023-10-26,Autumn,Cloudy,Warm,False,False,False,5,1,4,3
2023-10-27,Autumn,Sunny,Cold,False,False,False,4,2,1,2
2023-10-28,Autumn,Cloudy,Normal,False,False,False,3,3,3,3
2023-10-29,Autumn,Cloudy,Normal,False,False,False,4,1,2,3
2023-10-30,Autumn,Sunny,Normal,False,True,False,5,4,6,5
2023-10-31,Autumn,Rainy,Cold,False,False,False,3,2,1,3
2023-11-01,Autumn,Rainy,Normal,False,False,False,2,1,2,1
2023-11-02,Autumn,Sunny,Normal,False,True,False,6,3,8,7
2023-11-03,Autumn,Rainy,Normal,False,False,False,1,1,2,1
2023-11-04,Autumn,Sunny,Cold,False,False,False,1,1,1,2
2023-11-05,Autumn,Sunny,Normal,False,False,False,4,3,4,4
2023-11-06,Autumn,Cloudy,Cold,False,True,False,4,2,3,3
2023-11-07,Autumn,Sunny,Cold,False,False,False,2,1,3,1
2023-11-08,Autumn,Sunny,Normal,False,False,False,5,3,2,3
2023-11-09,Autumn,Sunny,Normal,False,False,False,3,2,2,2
2023-11-10,Autumn,Cloudy,Cold,False,False,False,1,1,1,1
2023-11-11,Autumn,Cloudy,Normal,False,False,False,3,1,3,2
2023-11-12,Autumn,Sunny,Warm,False,True,False,8,4,6,5
2023-11-13,Autumn,Rainy,Cold,False,False,False,1,1,1,1
2023-11-14,Autumn,Rainy,Normal,False,False,False,4,2,3,1
2023-11-15,Autumn,Rainy,Normal,False,False,False,1,1,1,1
2023-11-16,Autumn,Rainy,Cold,False,False,False,1,2,1,1
2023-11-17,Autumn,Cloudy,Normal,True,False,False,7,3,5,2
2023-11-18,Autumn,Rainy,Cold,False,False,False,1,1,3,3
2023-11-19,Autumn,Cloudy,Normal,False,True,False,5,4,6,4
2023-11-20,Autumn,Rainy,Normal,False,True,False,4,1,3,3
2023-11-21,Autumn,Rainy,Cold,False,False,False,3,1,2,1
2023-11-22,Autumn,Cloudy,Cold,False,True,False,4,2,4,4
2023-11-23,Autumn,Cloudy,Cold,False,False,False,1,1,2,2
2023-11-24,Autumn,Cloudy,Cold,False,False,False,3,2,2,3
2023-11-25,Autumn,Sunny,Normal,False,False,False,3,2,2,2
2023-11-26,Autumn,Cloudy,Normal,False,False,False,5,1,2,4
2023-11-27,Autumn,Rainy,Normal,False,True,False,3,1,6,1
2023-11-28,Autumn,Sunny,Cold,False,False,False,1,1,2,3
2023-11-29,Autumn,Rainy,Normal,False,False,False,3,1,2,1
2023-11-30,Autumn,Sunny,Cold,False,False,False,2,2,1,2
2023-12-01,Autumn,Rainy,Cold,False,False,False,1,1,1,1
2023-12-02,Autumn,Rainy,Normal,False,False,False,1,1,1,3
2023-12-03,Autumn,Sunny,Normal,False,False,False,2,1,2,4
2023-12-04,Autumn,Sunny,Cold,False,False,False,1,2,2,1
2023-12-05,Autumn,Rainy,Normal,False,False,False,1,1,2,3
2023-12-06,Autumn,Cloudy,Cold,False,False,False,1,1,2,2
2023-12-07,Autumn,Sunny,Normal,False,True,False,8,4,5,4
2023-12-08,Autumn,Rainy,Cold,False,True,False,6,3,4,2
2023-12-09,Autumn,Cloudy,Normal,False,False,False,5,2,3,2
2023-12-10,Autumn,Sunny,Normal,False,True,False,6,3,5,2
2023-12-11,Autumn,Sunny,Normal,False,False,False,4,2,3,2
2023-12-12,Autumn,Cloudy,Cold,False,False,False,2,1,1,1
2023-12-13,Autumn,Sunny,Cold,False,False,False,1,1,2,1
2023-12-14,Autumn,Sunny,Cold,False,False,False,1,1,1,3
2023-12-15,Autumn,Cloudy,Cold,False,False,False,1,1,2,3
2023-12-16,Autumn,Cloudy,Normal,False,False,False,5,1,2,3
2023-12-17,Autumn,Cloudy,Cold,False,False,False,2,2,1,3
2023-12-18,Autumn,Cloudy,Cold,False,False,False,1,1,1,3
2023-12-19,Autumn,Cloudy,Normal,False,False,False,2,3,3,1
2023-12-20,Winter,Cloudy,Very cold,False,True,False,5,2,4,4
2023-12-21,Winter,Snowy,Cold,False,False,False,1,2,3,2
2023-12-22,Winter,Rainy,Cold,False,False,False,3,1,1,1
2023-12-23,Winter,Sunny,Cold,False,True,False,6,4,4,4
2023-12-24,Winter,Rainy,Normal,False,False,False,2,2,2,2
2023-12-25,Winter,Cloudy,Cold,False,False,True,9,5,5,7
2023-12-26,Winter,Rainy,Cold,False,False,False,4,2,2,1
2023-12-27,Winter,Rainy,Cold,False,True,False,3,3,3,2
2023-12-28,Winter,Cloudy,Normal,False,False,False,5,1,2,4
2023-12-29,Winter,Cloudy,Cold,False,False,False,1,1,1,1
2023-12-30,Winter,Snowy,Cold,False,False,False,3,1,1,1
2023-12-31,Winter,Snowy,Cold,False,False,False,3,1,1,2
